market_uuid,trading_day,n_traders,avg_age,share_female,share_finance_course,share_trading_experience,share_high_education,avg_fin_quiz,sd_fin_quiz,avg_self_assessment,avg_overconfidence,sd_overconfidence,avg_cq_attempts,avg_wealth,sd_wealth,gini,avg_forecast,sd_forecast,share_feedback,share_speculator,share_fundamental,share_other,share_market_maker,repetition,treatment,gamified,hedonic,price_notifications,vol_feedback,vol_fundamental,vol_market_maker,vol_other,vol_speculator,share_vol_market_maker,share_vol_fundamental,share_vol_feedback,share_vol_speculator,share_vol_other,n_trades_market,avg_trade_price,avg_mispricing,avg_abs_mispricing,closing_price,opening_price,max_price,min_price,fundamental_value,price_L1,price_L2,price_next,return,abs_mispricing_ratio,rad,ret_next,fundamental_gap,surge,crash,normalized_mispricing,bubble_period,bubble_start,quoted_spread,rel_quoted_spread,depth_best,pct_two_sided,rv_mid,n_improving_adds,share_improving_adds,volume_shares,eff_spread,rel_eff_spread,realized_spread,rel_realized_spread,price_impact,rel_price_impact,signed_volume,order_flow_imbalance,abs_order_flow_imbalance,n_limit_orders,n_cancels,n_marketable_orders,share_limit_orders,time_to_next_order_s,time_to_same_side_order_s,spread_recovery_s,cancel_to_order,avg_directionality,churn,cum_surge,cum_crash,cum_bubble_period,session_id,group_label
1929c09c-602b-4617-8659-48b1a29c8097,1,6,21.166666666666668,0.3333333333333333,0.16666666666666666,0.8333333333333334,0.8333333333333334,0.7361111111111112,0.1780813380536067,4.5,-0.28611111111111115,0.34406340931524476,2.8333333333333335,5000.0,22.783217507630468,0.002108333333333333,,,0.16666666666666666,0.16666666666666666,0.6666666666666666,0.0,0.6666666666666666,1,ng,0,0,0,3.0,1.0,16.0,0.0,0.0,0.8,0.05,0.15,0.0,0.0,10.0,119.775,-0.225,4.775,126.0,120.0,130.0,95.0,120,,,129.82,,0.03979166666666667,0.074609375,0.029866968653844417,0.09375,0,0,-0.0018749999999999527,0,0,3.011242284764649,0.025415880005495706,2.036028466855273,0.9471866175575945,0.2655682729890897,10.0,0.3333333333333333,10.0,17.375,0.1486935786323182,10.9,0.09797743075063656,6.475,0.05071614788168163,2.0,0.2,0.2,30.0,12.0,10.0,0.75,0.728881,7.802904,3.1207395,0.4,0.6666666666666666,0.33333333333333337,0,0,0,20260520_PM,20260520_PM/ng1
562efb1b-a346-43e9-8059-5c07029ce57e,1,6,21.166666666666668,0.16666666666666666,0.3333333333333333,0.16666666666666666,1.0,0.7361111111111112,0.09742043287083434,5.0,-0.23611111111111113,0.1901510121124981,3.8333333333333335,5000.0,152.60799454812312,0.0156,,,0.38888888888888884,0.05555555555555555,0.5555555555555555,0.0,0.8333333333333334,1,ghp,1,1,1,0.0,0.0,16.0,0.0,0.0,1.0,0.0,0.0,0.0,0.0,8.0,9.5,-110.5,110.5,7.0,10.0,12.0,6.0,120,,,61.0,,0.9208333333333333,1.7265625,2.164963715117998,-1.765625,0,0,-0.9208333333333333,0,0,5.765778384464701,0.6669534634752182,2.5224922493174766,0.11540935127085131,0.12367055559655973,1.0,0.06666666666666667,8.0,1.75,0.1871345029239766,2.2,0.2134502923976608,-0.25,-0.02631578947368421,0.0,0.0,0.0,15.0,0.0,8.0,0.6521739130434783,3.5533529999999995,4.455624,4.897373,0.0,0.4333333333333333,0.5666666666666667,0,0,0,20260520_PM,20260520_PM/ghp2
c790e030-d023-437b-b3f5-54393dc4bea4,1,6,22.5,0.16666666666666666,0.5,0.8333333333333334,0.5,0.7916666666666666,0.20241596335818532,6.0,-0.19166666666666668,0.0981778431668209,2.0,5000.0,224.4994432064365,0.02266666666666667,,,0.3333333333333333,0.25,0.25,0.16666666666666666,0.5,1,ghp,1,1,1,0.0,6.0,11.0,0.0,1.0,0.6111111111111112,0.3333333333333333,0.0,0.05555555555555555,0.0,9.0,173.33333333333334,53.333333333333336,53.333333333333336,160.0,180.0,185.0,160.0,120,,,159.23,,0.4444444444444445,0.8333333333333334,-0.004824117365491709,0.625,0,0,0.44444444444444453,0,0,37.972124925143255,0.2552894853762614,2.051414999866011,0.7279788773931607,0.3564820695403363,10.0,0.5,9.0,16.875,0.0943359892225311,-17.857142857142858,-0.1054402384189062,35.625,0.1997762276414373,1.0,0.1111111111111111,0.1111111111111111,20.0,9.0,9.0,0.6896551724137931,2.157825,2.915129,5.0523015000000004,0.45,1.0,0.0,0,0,0,20260520_PM,20260520_PM/ghp1
1929c09c-602b-4617-8659-48b1a29c8097,2,6,21.166666666666668,0.3333333333333333,0.16666666666666666,0.8333333333333334,0.8333333333333334,0.7361111111111112,0.1780813380536067,4.5,-0.28611111111111115,0.34406340931524476,2.8333333333333335,5000.0,202.39544668791325,0.019609999999999985,,,0.16666666666666666,0.16666666666666666,0.6666666666666666,0.0,0.6666666666666666,1,ng,0,0,0,6.0,20.0,50.0,0.0,0.0,0.6578947368421053,0.2631578947368421,0.07894736842105263,0.0,0.0,38.0,129.76052631578946,17.760526315789477,17.760526315789477,129.82,129.0,130.0,129.0,112,126.0,,129.9,0.0303174603174603,0.1585761278195489,0.2775082236842106,0.0006160480712313898,0.2784374999999999,0,0,0.15857612781954877,0,0,0.15712531421893922,0.0012108277754868222,4.058883755765529,1.0,0.02758403995597489,41.0,0.4606741573033708,38.0,0.03500000000000706,0.0002698950263897075,-0.050526315789466626,-0.00039154221499923867,0.08552631578947369,0.0006614372413889461,18.0,0.47368421052631576,0.47368421052631576,89.0,27.0,38.0,0.7007874015748031,0.338935,1.226565,0.615362,0.30337078651685395,0.8225308641975309,0.17746913580246915,0,0,0,20260520_PM,20260520_PM/ng1
562efb1b-a346-43e9-8059-5c07029ce57e,2,6,21.166666666666668,0.16666666666666666,0.3333333333333333,0.16666666666666666,1.0,0.7361111111111112,0.09742043287083434,5.0,-0.23611111111111113,0.1901510121124981,3.8333333333333335,5000.0,143.0734077318353,0.014044444444444444,,,0.38888888888888884,0.05555555555555555,0.5555555555555555,0.0,0.8333333333333334,1,ghp,1,1,1,0.0,0.0,10.0,0.0,0.0,1.0,0.0,0.0,0.0,0.0,5.0,61.0,-51.0,51.0,61.0,55.0,75.0,50.0,112,7.0,,60.0,7.7142857142857135,0.45535714285714285,0.796875,-0.01652930195121094,-0.796875,1,0,-0.45535714285714285,0,0,8.414230161485754,0.13510507108256503,2.0172443817053476,1.0,0.7933440366683334,11.0,0.6111111111111112,5.0,24.0,0.3322068612391193,-5.8,-0.07360931899641576,29.8,0.405816180235535,-3.0,-0.6,0.6,18.0,6.0,5.0,0.782608695652174,2.6435120000000003,3.5845130000000003,21.415168,0.3333333333333333,0.5833333333333333,0.41666666666666674,1,0,0,20260520_PM,20260520_PM/ghp2
c790e030-d023-437b-b3f5-54393dc4bea4,2,6,22.5,0.16666666666666666,0.5,0.8333333333333334,0.5,0.7916666666666666,0.20241596335818532,6.0,-0.19166666666666668,0.0981778431668209,2.0,5000.0,544.2136815994244,0.052645666666666646,,,0.3333333333333333,0.25,0.25,0.16666666666666666,0.5,1,ghp,1,1,1,0.0,11.0,14.0,0.0,1.0,0.5384615384615384,0.4230769230769231,0.0,0.038461538461538464,0.0,13.0,162.36846153846153,50.36846153846154,50.36846153846154,159.23,164.54,167.9,155.63,112,160.0,,120.0,-0.004812500000000108,0.4497184065934066,0.7870072115384615,-0.2828579550862891,0.7379687499999998,0,0,0.4497184065934065,0,0,13.176253663297706,0.08529860951005223,2.7918101133364033,1.0,0.1494796995172815,17.0,0.68,13.0,5.518461538461539,0.034905925805114764,2.323076923076931,0.015030102391139862,3.1953846153846084,0.0198758234139749,1.0,0.07692307692307693,0.07692307692307693,25.0,11.0,13.0,0.6578947368421053,3.2094625,6.052548,4.1913635,0.44,0.9,0.09999999999999998,0,0,0,20260520_PM,20260520_PM/ghp1
1929c09c-602b-4617-8659-48b1a29c8097,3,6,21.166666666666668,0.3333333333333333,0.16666666666666666,0.8333333333333334,0.8333333333333334,0.7361111111111112,0.1780813380536067,4.5,-0.28611111111111115,0.34406340931524476,2.8333333333333335,5180.0,109.00990358678439,0.00918425568425569,130.0,67.52308247308225,0.16666666666666666,0.16666666666666666,0.6666666666666666,0.0,0.6666666666666666,1,ng,0,0,0,0.0,1.0,35.0,0.0,0.0,0.9722222222222222,0.027777777777777776,0.0,0.0,0.0,18.0,129.88944444444442,25.889444444444436,25.889444444444436,129.9,129.89,129.92,129.87,104,129.82,126.0,129.92,0.0006162378678171709,0.24893696581196573,0.4045225694444443,0.00015395273681395594,0.4046875000000001,0,0,0.2489369658119656,0,0,0.022363756731231428,0.00017216262535489258,16.606890739048012,1.0,0.00035071585305842016,9.0,0.1111111111111111,18.0,0.01166666666666553,8.981876849515361e-05,0.004444444444446718,3.42082606788193e-05,0.007222222222218811,5.56105078163343e-05,2.0,0.1111111111111111,0.1111111111111111,81.0,33.0,18.0,0.8181818181818182,0.6877835,1.872201,0.229486,0.4074074074074074,0.6555555555555556,0.34444444444444444,0,0,0,20260520_PM,20260520_PM/ng1
562efb1b-a346-43e9-8059-5c07029ce57e,3,6,21.166666666666668,0.16666666666666666,0.3333333333333333,0.16666666666666666,1.0,0.7361111111111112,0.09742043287083434,5.0,-0.23611111111111113,0.1901510121124981,3.8333333333333335,5180.0,166.09304621205553,0.015717503217503218,0.0,40.824829046386306,0.38888888888888884,0.05555555555555555,0.5555555555555555,0.0,0.8333333333333334,1,ghp,1,1,1,2.0,0.0,20.0,0.0,0.0,0.9090909090909091,0.0,0.09090909090909091,0.0,0.0,11.0,64.5909090909091,-39.40909090909091,39.40909090909091,60.0,65.0,69.0,59.0,104,61.0,7.0,61.0,-0.016393442622950838,0.3789335664335664,0.6157670454545454,0.01652930195121094,-0.6875,0,0,-0.3789335664335664,0,0,1.9424297893608158,0.029779203534763644,2.033098279896028,1.0,0.1464049206240252,14.0,0.45161290322580644,11.0,4.25,0.06762791039903583,3.6872727272727275,0.0581628736052614,0.5627272727272725,0.00946503679377444,3.0,0.2727272727272727,0.2727272727272727,31.0,6.0,11.0,0.7380952380952381,0.98166,1.2929845,1.720855,0.1935483870967742,0.5436507936507936,0.4563492063492064,1,0,0,20260520_PM,20260520_PM/ghp2
c790e030-d023-437b-b3f5-54393dc4bea4,3,6,22.5,0.16666666666666666,0.5,0.8333333333333334,0.5,0.7916666666666666,0.20241596335818532,6.0,-0.19166666666666668,0.0981778431668209,2.0,5180.0,464.1807339388394,0.04095034320034317,0.0,48.98979485566356,0.3333333333333333,0.25,0.25,0.16666666666666666,0.5,1,ghp,1,1,1,0.0,2.0,11.0,1.0,0.0,0.7857142857142857,0.14285714285714285,0.0,0.0,0.07142857142857142,7.0,144.33857142857144,40.33857142857143,40.33857142857143,120.0,153.04,153.04,120.0,104,159.23,160.0,82.88,-0.24637317088488342,0.3878708791208791,0.6302901785714285,-0.37009796427087327,0.25,0,0,0.38787087912087925,0,0,33.22461202211362,0.3119578956934478,2.039671351737819,1.0,0.39864966566815585,10.0,0.7692307692307693,7.0,14.310000000000002,0.10173796566718954,6.2028571428571455,0.04810321517875737,8.107142857142858,0.05363475048843218,-1.0,-0.14285714285714285,0.14285714285714285,13.0,9.0,7.0,0.65,3.971922,5.2302555,7.629571,0.6923076923076923,0.74,0.26,0,0,0,20260520_PM,20260520_PM/ghp1
1929c09c-602b-4617-8659-48b1a29c8097,4,6,21.166666666666668,0.3333333333333333,0.16666666666666666,0.8333333333333334,0.8333333333333334,0.7361111111111112,0.1780813380536067,4.5,-0.28611111111111115,0.34406340931524476,2.8333333333333335,5360.0,527.3945855998137,0.04534836235489215,,,0.16666666666666666,0.16666666666666666,0.6666666666666666,0.0,0.6666666666666666,1,ng,0,0,0,3.0,34.0,43.0,0.0,0.0,0.5375,0.425,0.0375,0.0,0.0,40.0,129.88725,33.88724999999999,33.88724999999999,129.92,129.89,129.92,129.81,96,129.9,129.82,129.9,0.0001539645881445395,0.3529921874999999,0.5294882812499998,-0.00015395273681395594,0.5299999999999998,0,0,0.35299218749999994,0,0,0.02070282840535647,0.00015932456428205632,3.3301982977760725,1.0,0.0008942872569930282,12.0,0.1875,40.0,0.017999999999996418,0.00013858991588160883,0.010500000000006083,8.085956865571062e-05,0.0074999999999903364,5.7730347225898226e-05,-26.0,-0.65,0.65,64.0,19.0,40.0,0.6153846153846154,0.6455175,0.895832,0.287533,0.296875,0.8095238095238094,0.19047619047619058,0,0,0,20260520_PM,20260520_PM/ng1
562efb1b-a346-43e9-8059-5c07029ce57e,4,6,21.166666666666668,0.16666666666666666,0.3333333333333333,0.16666666666666666,1.0,0.7361111111111112,0.09742043287083434,5.0,-0.23611111111111113,0.1901510121124981,3.8333333333333335,5360.0,298.8677785911356,0.02707618159203981,,,0.38888888888888884,0.05555555555555555,0.5555555555555555,0.0,0.8333333333333334,1,ghp,1,1,1,2.0,0.0,24.0,0.0,0.0,0.9230769230769231,0.0,0.07692307692307693,0.0,0.0,13.0,60.15538461538461,-35.84461538461539,35.84461538461539,61.0,59.69,61.0,59.25,96,60.0,61.0,58.79,0.016666666666666607,0.3733814102564103,0.5600721153846154,-0.03690209175914738,-0.546875,0,0,-0.3733814102564103,0,0,0.3281372315119596,0.005552567829421602,3.84042376277442,1.0,0.1419363661604819,8.0,0.18181818181818182,13.0,1.106153846153848,0.01850850387194452,1.1269230769230785,0.018876328700046303,-0.020769230769230464,-0.0003678248281017875,9.0,0.6923076923076923,0.6923076923076923,44.0,4.0,13.0,0.7719298245614035,0.463586,1.558221,1.917151,0.09090909090909091,0.7731601731601732,0.22683982683982684,1,0,0,20260520_PM,20260520_PM/ghp2
c790e030-d023-437b-b3f5-54393dc4bea4,4,6,22.5,0.16666666666666666,0.5,0.8333333333333334,0.5,0.7916666666666666,0.20241596335818532,6.0,-0.19166666666666668,0.0981778431668209,2.0,5360.0,385.04702902372867,0.034344423714759535,,,0.3333333333333333,0.25,0.25,0.16666666666666666,0.5,1,ghp,1,1,1,0.0,0.0,8.0,0.0,0.0,1.0,0.0,0.0,0.0,0.0,4.0,93.4075,-2.592500000000001,6.592500000000001,82.88,100.0,100.0,82.88,96,120.0,159.23,85.82,-0.30933333333333335,0.06867187500000001,0.10300781250000002,0.03485830105220611,-0.20500000000000007,0,0,-0.027005208333333346,0,0,14.130181043955398,0.1443784682404504,2.018441250512672,1.0,0.33260512438494133,16.0,0.8,4.0,25.1875,0.25195282358735327,10.217500000000001,0.13130453231972092,14.969999999999999,0.12064829126763232,2.0,0.5,0.5,20.0,11.0,4.0,0.8333333333333334,1.0451000000000001,1.3856725,3.340345,0.55,0.7777777777777778,0.2222222222222222,0,0,0,20260520_PM,20260520_PM/ghp1
1929c09c-602b-4617-8659-48b1a29c8097,5,6,21.166666666666668,0.3333333333333333,0.16666666666666666,0.8333333333333334,0.8333333333333334,0.7361111111111112,0.1780813380536067,4.5,-0.28611111111111115,0.34406340931524476,2.8333333333333335,5300.0,614.8444284857754,0.051362893081760966,,,0.16666666666666666,0.16666666666666666,0.6666666666666666,0.0,0.6666666666666666,1,ng,0,0,0,4.0,4.0,32.0,0.0,0.0,0.8,0.1,0.1,0.0,0.0,20.0,129.929,41.928999999999995,41.928999999999995,129.9,129.93,130.0,129.9,88,129.92,129.9,129.97,-0.00015394088669939965,0.476465909090909,0.6551406249999999,0.0005387309169435639,0.6546875000000001,0,0,0.47646590909090913,0,0,0.02869237777057245,0.0002207995643128656,2.3938420713673554,1.0,0.0009535283449577593,9.0,0.18,20.0,0.050000000000008524,0.0003847980233348791,0.04400000000001967,0.0003386172365108509,0.005999999999988859,4.6180786824028297e-05,10.0,0.5,0.5,50.0,10.0,20.0,0.7142857142857143,0.574125,1.283388,1.9732645,0.2,0.5370370370370371,0.4629629629629629,0,0,0,20260520_PM,20260520_PM/ng1
562efb1b-a346-43e9-8059-5c07029ce57e,5,6,21.166666666666668,0.16666666666666666,0.3333333333333333,0.16666666666666666,1.0,0.7361111111111112,0.09742043287083434,5.0,-0.23611111111111113,0.1901510121124981,3.8333333333333335,5300.0,340.3152313958341,0.03195167714884696,,,0.38888888888888884,0.05555555555555555,0.5555555555555555,0.0,0.8333333333333334,1,ghp,1,1,1,1.0,0.0,33.0,0.0,0.0,0.9705882352941176,0.0,0.029411764705882353,0.0,0.0,17.0,59.237647058823526,-28.76235294117647,28.76235294117647,58.79,58.63,59.63,58.63,88,61.0,60.0,64.88,-0.03622950819672133,0.32684491978609626,0.44941176470588234,0.09856763739299357,-0.45640625,0,0,-0.3268449197860963,0,0,0.8207128126184016,0.0137628199675482,2.0518139465681147,1.0,0.13538500086699748,12.0,0.26666666666666666,17.0,0.5770588235294111,0.00976849678786216,0.04529411764705943,0.0007456295192653688,0.5317647058823516,0.009022867268596793,5.0,0.29411764705882354,0.29411764705882354,45.0,6.0,17.0,0.7258064516129032,0.863571,4.7530280000000005,12.431358,0.13333333333333333,0.638888888888889,0.36111111111111105,1,0,0,20260520_PM,20260520_PM/ghp2
c790e030-d023-437b-b3f5-54393dc4bea4,5,6,22.5,0.16666666666666666,0.5,0.8333333333333334,0.5,0.7916666666666666,0.20241596335818532,6.0,-0.19166666666666668,0.0981778431668209,2.0,5300.0,418.0741638035049,0.03682358490566037,,,0.3333333333333333,0.25,0.25,0.16666666666666666,0.5,1,ghp,1,1,1,0.0,1.0,21.0,0.0,0.0,0.9545454545454546,0.045454545454545456,0.0,0.0,0.0,11.0,84.92181818181818,-3.078181818181822,5.0054545454545485,85.82,81.88,93.16,79.38,88,82.88,120.0,71.0,0.03547297297297303,0.05688016528925623,0.07821022727272732,-0.1895722025220632,-0.03406250000000011,0,0,-0.03497933884297521,0,0,6.028562055210651,0.0775757426983679,3.3039035158639813,1.0,0.21107423766563801,12.0,0.75,11.0,5.336000000000001,0.06232223298473333,-4.530909090909091,-0.06902219574823275,11.408000000000001,0.1313444287329661,3.0,0.2727272727272727,0.2727272727272727,16.0,7.0,11.0,0.5925925925925926,1.336519,6.403729,0.775229,0.4375,0.7333333333333333,0.2666666666666667,0,0,0,20260520_PM,20260520_PM/ghp1
1929c09c-602b-4617-8659-48b1a29c8097,6,6,21.166666666666668,0.3333333333333333,0.16666666666666666,0.8333333333333334,0.8333333333333334,0.7361111111111112,0.1780813380536067,4.5,-0.28611111111111115,0.34406340931524476,2.8333333333333335,5480.0,394.45965279100415,0.0358695255474452,130.0,53.2716309743438,0.16666666666666666,0.16666666666666666,0.6666666666666666,0.0,0.6666666666666666,1,ng,0,0,0,5.0,21.0,36.0,0.0,0.0,0.5806451612903226,0.3387096774193548,0.08064516129032258,0.0,0.0,31.0,129.90516129032255,49.905161290322575,49.905161290322575,129.97,129.9,129.99,129.88,80,129.9,129.92,129.92,0.0005388760585065544,0.6238145161290322,0.7797681451612902,-0.00038477818012960796,0.78078125,0,0,0.6238145161290319,0,0,0.09755724464975349,0.0007513490419621096,7.827687369845013,1.0,0.0013984327864721277,9.0,0.07894736842105263,31.0,0.01161290322580139,8.939574160930829e-05,-0.02741935483871958,-0.00021112340083533602,0.03903225806452097,0.0003005191424446443,17.0,0.5483870967741935,0.5483870967741935,114.0,60.0,31.0,0.7862068965517242,0.217384,0.4541305,0.449402,0.5263157894736842,0.7927350427350427,0.2072649572649573,0,0,0,20260520_PM,20260520_PM/ng1
562efb1b-a346-43e9-8059-5c07029ce57e,6,6,21.166666666666668,0.16666666666666666,0.3333333333333333,0.16666666666666666,1.0,0.7361111111111112,0.09742043287083434,5.0,-0.23611111111111113,0.1901510121124981,3.8333333333333335,5480.0,612.6344070650946,0.05532512165450122,65.0,2.73861278752583,0.38888888888888884,0.05555555555555555,0.5555555555555555,0.0,0.8333333333333334,1,ghp,1,1,1,0.0,0.0,52.0,0.0,0.0,1.0,0.0,0.0,0.0,0.0,26.0,60.645384615384614,-19.354615384615386,19.354615384615386,64.88,58.79,64.88,58.51,80,58.79,61.0,65.94,0.10358904575608086,0.24193269230769232,0.3024158653846154,0.01620582783642721,-0.23625000000000007,0,0,-0.24193269230769232,0,0,2.8598226395095057,0.04358788636101911,6.818722386138052,1.0,0.05323746065346986,23.0,0.4339622641509434,26.0,0.6736000000000013,0.011094192722432466,-0.813461538461537,-0.014768393409934806,1.5791999999999995,0.02586258613236727,12.0,0.46153846153846156,0.46153846153846156,53.0,18.0,26.0,0.6708860759493671,0.8186315,3.33297,7.8944125,0.33962264150943394,0.6397058823529411,0.3602941176470589,1,0,0,20260520_PM,20260520_PM/ghp2
c790e030-d023-437b-b3f5-54393dc4bea4,6,6,22.5,0.16666666666666666,0.5,0.8333333333333334,0.5,0.7916666666666666,0.20241596335818532,6.0,-0.19166666666666668,0.0981778431668209,2.0,5480.0,388.97781402028505,0.03474270072992698,63.0,36.8912817162357,0.3333333333333333,0.25,0.25,0.16666666666666666,0.5,1,ghp,1,1,1,0.0,5.0,10.0,1.0,0.0,0.625,0.3125,0.0,0.0,0.0625,8.0,78.0125,-1.9875000000000007,3.6774999999999984,71.0,80.88,85.88,71.0,80,85.82,82.88,62.0,-0.1726870193428105,0.04596874999999998,0.057460937499999976,-0.1355454919962238,-0.140625,0,0,-0.024843749999999963,0,0,5.886068413795622,0.07701886108014969,3.1620026390032177,1.0,0.13805299467528095,11.0,0.5,8.0,5.168750000000003,0.06411904532302531,1.0012499999999953,0.012829106568609885,4.1675000000000075,0.05128993875441543,-4.0,-0.5,0.5,22.0,13.0,8.0,0.7333333333333333,0.499268,4.111974,1.705302,0.5909090909090909,0.5866666666666667,0.41333333333333333,0,0,0,20260520_PM,20260520_PM/ghp1
1929c09c-602b-4617-8659-48b1a29c8097,7,6,21.166666666666668,0.3333333333333333,0.16666666666666666,0.8333333333333334,0.8333333333333334,0.7361111111111112,0.1780813380536067,4.5,-0.28611111111111115,0.34406340931524476,2.8333333333333335,5419.999999999999,563.0283256107101,0.0523111931119311,,,0.16666666666666666,0.16666666666666666,0.6666666666666666,0.0,0.6666666666666666,1,ng,0,0,0,5.0,7.0,40.0,0.0,0.0,0.7692307692307693,0.1346153846153846,0.09615384615384616,0.0,0.0,26.0,129.945,57.94500000000001,57.94500000000001,129.92,129.98,129.98,129.92,72,129.97,129.9,129.92,-0.00038470416249913875,0.8047916666666668,0.9053906250000001,0.0,0.9049999999999998,0,0,0.8047916666666666,0,0,0.04204610190171615,0.00032367283270248807,17.68613090486381,1.0,0.0009496452155566255,7.0,0.07142857142857142,26.0,0.017307692307696243,0.00013319723035960725,0.030384615384635848,0.0002338361937359428,-0.013076923076939605,-0.00010063896337633557,20.0,0.7692307692307693,0.7692307692307693,98.0,35.0,26.0,0.7903225806451613,1.0502500000000001,5.989133,0.407089,0.35714285714285715,0.5738011695906433,0.4261988304093567,0,0,0,20260520_PM,20260520_PM/ng1
562efb1b-a346-43e9-8059-5c07029ce57e,7,6,21.166666666666668,0.16666666666666666,0.3333333333333333,0.16666666666666666,1.0,0.7361111111111112,0.09742043287083434,5.0,-0.23611111111111113,0.1901510121124981,3.8333333333333335,5420.0,548.0935107077992,0.05008159081590817,,,0.38888888888888884,0.05555555555555555,0.5555555555555555,0.0,0.8333333333333334,1,ghp,1,1,1,2.0,0.0,18.0,0.0,0.0,0.9,0.0,0.1,0.0,0.0,10.0,66.001,-5.999000000000001,5.999000000000001,65.94,63.88,67.91,63.88,72,64.88,58.79,62.93,0.016337854500616533,0.08331944444444446,0.09373437500000002,-0.04672224010474224,-0.09468750000000004,0,0,-0.08331944444444438,0,0,0.41447008602668073,0.006188219429590858,4.461376397137743,1.0,0.055789213890807696,21.0,0.3088235294117647,10.0,0.5959999999999994,0.009032394950390066,-0.10499999999999972,-0.0018344789794239188,0.7009999999999991,0.010866873929813985,-2.0,-0.2,0.2,68.0,45.0,10.0,0.8717948717948718,0.456729,0.63524,1.2655059999999998,0.6617647058823529,0.7523809523809524,0.24761904761904763,1,0,0,20260520_PM,20260520_PM/ghp2
c790e030-d023-437b-b3f5-54393dc4bea4,7,6,22.5,0.16666666666666666,0.5,0.8333333333333334,0.5,0.7916666666666666,0.20241596335818532,6.0,-0.19166666666666668,0.0981778431668209,2.0,5420.0,396.8958099552074,0.03525512505125051,,,0.3333333333333333,0.25,0.25,0.16666666666666666,0.5,1,ghp,1,1,1,0.0,1.0,6.0,0.0,1.0,0.75,0.125,0.0,0.125,0.0,4.0,68.1275,-3.8724999999999987,5.627500000000001,62.0,75.51,75.51,62.0,72,71.0,85.82,55.0,-0.12676056338028174,0.07815972222222224,0.08792968750000002,-0.1198011998126205,-0.15625,0,0,-0.053784722222222255,0,0,6.086617237563001,0.09057070636094203,2.5984685120636435,0.9414782792640973,0.08677643207800244,4.0,0.3333333333333333,4.0,4.333333333333333,0.0671910346328951,6.755000000000003,0.07219997917672337,-0.3333333333333333,-0.005008944543828266,2.0,0.5,0.5,12.0,8.0,4.0,0.75,7.994557,9.279382,13.327523,0.6666666666666666,0.6666666666666666,0.33333333333333337,0,0,0,20260520_PM,20260520_PM/ghp1
1929c09c-602b-4617-8659-48b1a29c8097,8,6,21.166666666666668,0.3333333333333333,0.16666666666666666,0.8333333333333334,0.8333333333333334,0.7361111111111112,0.1780813380536067,4.5,-0.28611111111111115,0.34406340931524476,2.8333333333333335,5600.0,915.6426630514766,0.08192390873015873,,,0.16666666666666666,0.16666666666666666,0.6666666666666666,0.0,0.6666666666666666,1,ng,0,0,0,2.0,14.0,46.0,0.0,0.0,0.7419354838709677,0.22580645161290322,0.03225806451612903,0.0,0.0,31.0,129.8922580645161,65.89225806451613,65.89225806451613,129.92,129.87,129.93,129.82,64,129.92,129.97,129.89,0.0,1.0295665322580645,1.0295665322580645,-0.0002309379941749512,1.0299999999999998,0,0,1.0295665322580643,0,0,0.03775616523908152,0.00029067364813483104,3.175011222914677,1.0,0.0012886256133729772,18.0,0.375,31.0,0.03433333333334,0.0002643411565580589,0.006451612903234608,5.640959982683988e-05,0.02699999999999818,0.00020793155673121903,-1.0,-0.03225806451612903,0.03225806451612903,48.0,7.0,31.0,0.6075949367088608,0.66363,1.162943,1.7710185,0.14583333333333334,0.5684313725490197,0.43156862745098035,0,0,0,20260520_PM,20260520_PM/ng1
562efb1b-a346-43e9-8059-5c07029ce57e,8,6,21.166666666666668,0.16666666666666666,0.3333333333333333,0.16666666666666666,1.0,0.7361111111111112,0.09742043287083434,5.0,-0.23611111111111113,0.1901510121124981,3.8333333333333335,5600.0,667.2665362806679,0.05855069444444446,,,0.38888888888888884,0.05555555555555555,0.5555555555555555,0.0,0.8333333333333334,1,ghp,1,1,1,4.0,0.0,32.0,0.0,0.0,0.8888888888888888,0.0,0.1111111111111111,0.0,0.0,18.0,66.4,2.3999999999999977,2.5388888888888865,62.93,67.35,67.82,62.93,64,65.94,64.88,67.15,-0.04564755838641188,0.03967013888888885,0.03967013888888885,0.06490592543040385,-0.016718750000000004,0,0,0.03750000000000009,0,0,3.6809595464379967,0.056289620169488894,6.619084397080213,1.0,0.027296046450375543,10.0,0.3225806451612903,18.0,1.5116666666666656,0.022931671696913725,1.2238888888888937,0.01863131443723593,0.28777777777777186,0.004300357259677796,-2.0,-0.1111111111111111,0.1111111111111111,31.0,9.0,18.0,0.6326530612244898,2.460834,2.4306215,101.85704299999999,0.2903225806451613,0.8678571428571429,0.13214285714285712,1,0,0,20260520_PM,20260520_PM/ghp2
c790e030-d023-437b-b3f5-54393dc4bea4,8,6,22.5,0.16666666666666666,0.5,0.8333333333333334,0.5,0.7916666666666666,0.20241596335818532,6.0,-0.19166666666666668,0.0981778431668209,2.0,5600.0,632.8791440393652,0.053269742063492026,,,0.3333333333333333,0.25,0.25,0.16666666666666666,0.5,1,ghp,1,1,1,0.0,30.0,30.0,2.0,0.0,0.4838709677419355,0.4838709677419355,0.0,0.0,0.03225806451612903,31.0,56.104838709677416,-7.895161290322581,7.895161290322581,55.0,57.0,57.25,50.0,64,62.0,71.0,50.26,-0.11290322580645162,0.12336189516129033,0.12336189516129033,-0.09012365311702508,-0.140625,0,0,-0.12336189516129037,0,0,1.599883820599374,0.030513446664655906,2.013027699472993,0.7011635407452438,0.08650771371825211,6.0,0.13953488372093023,31.0,-0.5208333333333334,-0.008985292300086515,-1.9655172413793103,-0.0013597023051972982,-0.4375,-0.007625589994889217,23.0,0.7419354838709677,0.7419354838709677,43.0,11.0,31.0,0.581081081081081,1.141409,2.0815245,6.1075545,0.2558139534883721,0.8666666666666666,0.13333333333333341,0,0,0,20260520_PM,20260520_PM/ghp1
1929c09c-602b-4617-8659-48b1a29c8097,9,6,21.166666666666668,0.3333333333333333,0.16666666666666666,0.8333333333333334,0.8333333333333334,0.7361111111111112,0.1780813380536067,4.5,-0.28611111111111115,0.34406340931524476,2.8333333333333335,5480.0,629.7870659199035,0.05200121654501223,130.0,52.02563470700446,0.16666666666666666,0.16666666666666666,0.6666666666666666,0.0,0.6666666666666666,1,ng,0,0,0,7.0,33.0,72.0,0.0,0.0,0.6428571428571429,0.29464285714285715,0.0625,0.0,0.0,56.0,129.7732142857143,73.77321428571429,73.77321428571429,129.89,129.89,129.93,129.55,56,129.92,129.92,130.0,-0.000230911330049266,1.3173788265306123,1.1527064732142858,0.000846512036389413,1.1545312499999998,0,0,1.3173788265306123,0,0,0.11228389684554863,0.0008645035418181793,6.1752683310318535,1.0,0.002832664201201737,44.0,0.5238095238095238,56.0,0.10381818181818248,0.0007999274572516931,0.1048214285714317,0.0008349668101037639,-0.004727272727274629,-3.503935285207078e-05,14.0,0.25,0.25,84.0,32.0,56.0,0.6,0.570895,1.482606,0.83608,0.38095238095238093,0.7802413273001508,0.21975867269984917,0,0,0,20260520_PM,20260520_PM/ng1
562efb1b-a346-43e9-8059-5c07029ce57e,9,6,21.166666666666668,0.16666666666666666,0.3333333333333333,0.16666666666666666,1.0,0.7361111111111112,0.09742043287083434,5.0,-0.23611111111111113,0.1901510121124981,3.8333333333333335,5480.0,676.1356413028384,0.06333779399837795,68.0,5.7183913821983205,0.38888888888888884,0.05555555555555555,0.5555555555555555,0.0,0.8333333333333334,1,ghp,1,1,1,1.0,0.0,43.0,0.0,0.0,0.9772727272727273,0.0,0.022727272727272728,0.0,0.0,22.0,66.89136363636364,10.891363636363634,10.891363636363634,67.15,62.82,67.27,62.82,56,62.93,65.94,65.32,0.0670586365803274,0.1944886363636363,0.17017755681818178,-0.02763065486698224,0.1742187500000001,0,0,0.19448863636363636,0,0,0.9222081842441607,0.013873746706497516,3.5727169904469482,1.0,0.03638941217694636,24.0,0.32,22.0,0.18952380952380904,0.002827216176916226,0.39863636363636473,-9.444327539389137e-05,0.1928571428571407,0.002921659452310118,-16.0,-0.7272727272727273,0.7272727272727273,75.0,30.0,22.0,0.7731958762886598,0.386402,2.029882,0.4092,0.4,0.6333333333333333,0.3666666666666667,1,0,0,20260520_PM,20260520_PM/ghp2
c790e030-d023-437b-b3f5-54393dc4bea4,9,6,22.5,0.16666666666666666,0.5,0.8333333333333334,0.5,0.7916666666666666,0.20241596335818532,6.0,-0.19166666666666668,0.0981778431668209,2.0,5480.0,537.6088322563157,0.046063361719383585,48.5,1900.9821321271452,0.3333333333333333,0.25,0.25,0.16666666666666666,0.5,1,ghp,1,1,1,0.0,11.0,12.0,0.0,1.0,0.5,0.4583333333333333,0.0,0.041666666666666664,0.0,12.0,50.9575,-5.0425,5.0425,50.26,52.63,52.63,50.26,56,55.0,62.0,54.29,-0.08618181818181825,0.09004464285714286,0.0787890625,0.07713051580191355,-0.08968750000000003,0,0,-0.0900446428571428,0,0,1.8343547695142823,0.035605421134341404,2.480791414213099,0.963039939960452,0.07707384134968677,13.0,0.4482758620689655,12.0,1.7666666666666657,0.03389380632820572,0.7841666666666652,0.015361584551932359,0.9825000000000005,0.018532221776273363,-10.0,-0.8333333333333334,0.8333333333333334,29.0,16.0,12.0,0.7073170731707317,1.579289,1.579289,1.2007284999999999,0.5517241379310345,0.9166666666666666,0.08333333333333337,0,0,0,20260520_PM,20260520_PM/ghp1
1929c09c-602b-4617-8659-48b1a29c8097,10,6,21.166666666666668,0.3333333333333333,0.16666666666666666,0.8333333333333334,0.8333333333333334,0.7361111111111112,0.1780813380536067,4.5,-0.28611111111111115,0.34406340931524476,2.8333333333333335,5480.0,1097.9970177919427,0.09710218978102189,,,0.16666666666666666,0.16666666666666666,0.6666666666666666,0.0,0.6666666666666666,1,ng,0,0,0,4.0,42.0,68.0,0.0,0.0,0.5964912280701754,0.3684210526315789,0.03508771929824561,0.0,0.0,57.0,129.9961403508772,81.99614035087718,81.99614035087718,130.0,129.88,130.67,129.79,48,129.89,129.92,129.99,0.0008468704288244755,1.708252923976608,1.281189692982456,-7.692603565434553e-05,1.28125,0,0,1.7082529239766082,0,0,0.06804848458029102,0.0005222852178115166,31.232091023709966,1.0,0.010963954774863621,29.0,0.3670886075949367,57.0,0.11874999999999757,0.0009126972465304973,-0.05456140350876618,-0.00040442308132880925,0.17178571428570624,0.0013171203278593065,27.0,0.47368421052631576,0.47368421052631576,79.0,26.0,57.0,0.5808823529411765,0.980954,2.468605,1.041255,0.3291139240506329,0.6793650793650793,0.3206349206349207,0,0,0,20260520_PM,20260520_PM/ng1
562efb1b-a346-43e9-8059-5c07029ce57e,10,6,21.166666666666668,0.16666666666666666,0.3333333333333333,0.16666666666666666,1.0,0.7361111111111112,0.09742043287083434,5.0,-0.23611111111111113,0.1901510121124981,3.8333333333333335,5480.0,730.9733469559608,0.06881934306569343,,,0.38888888888888884,0.05555555555555555,0.5555555555555555,0.0,0.8333333333333334,1,ghp,1,1,1,1.0,0.0,25.0,0.0,0.0,0.9615384615384616,0.0,0.038461538461538464,0.0,0.0,13.0,67.28,19.28,19.28,65.32,67.15,67.82,65.32,48,67.15,62.93,65.4,-0.027252419955324125,0.40166666666666667,0.30125,0.001223990360888827,0.2706249999999999,0,0,0.40166666666666667,0,0,0.2842928752389082,0.0042461860209167075,3.5320494910581144,1.0,0.0172028879616462,15.0,0.3125,13.0,0.38692307692306827,0.005768284528736739,-0.3515384615384676,-0.005196878227656717,0.7384615384615358,0.010965162756393457,-3.0,-0.23076923076923078,0.23076923076923078,48.0,18.0,13.0,0.7868852459016393,1.087111,1.970017,2.4874134999999997,0.375,0.7428571428571429,0.2571428571428571,1,0,0,20260520_PM,20260520_PM/ghp2
c790e030-d023-437b-b3f5-54393dc4bea4,10,6,22.5,0.16666666666666666,0.5,0.8333333333333334,0.5,0.7916666666666666,0.20241596335818532,6.0,-0.19166666666666668,0.0981778431668209,2.0,5480.0,565.0740823290339,0.04836901865369018,,,0.3333333333333333,0.25,0.25,0.16666666666666666,0.5,1,ghp,1,1,1,0.0,6.0,23.0,1.0,2.0,0.71875,0.1875,0.0,0.0625,0.03125,16.0,52.29375,4.293750000000001,4.293750000000001,54.29,52.13,54.29,51.2,48,50.26,55.0,50.99,0.08018304814962196,0.08945312500000002,0.06708984375000002,-0.06271051285029516,0.09828124999999999,0,0,0.08945312500000006,0,0,4.148817618047523,0.0774823048220191,3.375348445866046,1.0,0.11228376042106211,14.0,0.4666666666666667,16.0,1.3156250000000025,0.025137275773906644,0.20250000000000234,0.003778149533090029,1.1131250000000001,0.021359126240816616,8.0,0.5,0.5,30.0,14.0,16.0,0.6521739130434783,0.8354675,2.478214,0.840833,0.4666666666666667,0.7857142857142857,0.2142857142857143,0,0,0,20260520_PM,20260520_PM/ghp1
1929c09c-602b-4617-8659-48b1a29c8097,11,6,21.166666666666668,0.3333333333333333,0.16666666666666666,0.8333333333333334,0.8333333333333334,0.7361111111111112,0.1780813380536067,4.5,-0.28611111111111115,0.34406340931524476,2.8333333333333335,5480.0,723.3300522444779,0.06769211273317106,,,0.16666666666666666,0.16666666666666666,0.6666666666666666,0.0,0.6666666666666666,1,ng,0,0,0,3.0,29.0,34.0,0.0,0.0,0.5151515151515151,0.4393939393939394,0.045454545454545456,0.0,0.0,33.0,129.9918181818182,89.99181818181819,89.99181818181819,129.99,130.0,130.01,129.98,40,130.0,129.89,129.98,-7.692307692297451e-05,2.249795454545455,1.4061221590909092,-7.693195372482364e-05,1.4060937500000001,0,0,2.249795454545455,0,0,0.010272889287317535,7.90309344244959e-05,33.19670015693742,1.0,7.692677545238904e-05,2.0,0.024691358024691357,33.0,0.011249999999991545,8.654641361803881e-05,0.013636363636352957,0.00010096986038492509,-0.0018749999999982947,-1.4423446766886292e-05,29.0,0.8787878787878788,0.8787878787878788,81.0,30.0,33.0,0.7105263157894737,3.255241,4.506647,0.426378,0.37037037037037035,0.8095238095238094,0.19047619047619058,0,0,0,20260520_PM,20260520_PM/ng1
562efb1b-a346-43e9-8059-5c07029ce57e,11,6,21.166666666666668,0.16666666666666666,0.3333333333333333,0.16666666666666666,1.0,0.7361111111111112,0.09742043287083434,5.0,-0.23611111111111113,0.1901510121124981,3.8333333333333335,5480.0,677.3907695857687,0.06365977291159773,,,0.38888888888888884,0.05555555555555555,0.5555555555555555,0.0,0.8333333333333334,1,ghp,1,1,1,1.0,0.0,15.0,0.0,0.0,0.9375,0.0,0.0625,0.0,0.0,8.0,65.5325,25.532500000000002,25.532500000000002,65.4,65.36,66.38,65.36,40,65.32,67.15,65.31,0.0012247397428049034,0.6383125000000001,0.39894531250000004,-0.0013770945485873654,0.3968750000000001,0,0,0.6383125,0,0,0.12191270859833833,0.0018553930785990564,2.724907565011066,1.0,0.014803264832281846,9.0,0.20454545454545456,8.0,0.3162500000000108,0.0048041078580713555,0.27125000000000554,0.0041194506705701725,0.04500000000000526,0.0006846571875011833,4.0,0.5,0.5,44.0,15.0,8.0,0.8461538461538461,0.334981,0.748982,1.0901425,0.3409090909090909,0.8666666666666666,0.13333333333333341,1,0,0,20260520_PM,20260520_PM/ghp2
c790e030-d023-437b-b3f5-54393dc4bea4,11,6,22.5,0.16666666666666666,0.5,0.8333333333333334,0.5,0.7916666666666666,0.20241596335818532,6.0,-0.19166666666666668,0.0981778431668209,2.0,5480.0,602.4551484052561,0.05119150446066501,,,0.3333333333333333,0.25,0.25,0.16666666666666666,0.5,1,ghp,1,1,1,0.0,5.0,10.0,0.0,1.0,0.625,0.3125,0.0,0.0625,0.0,8.0,51.155,11.155000000000001,11.155000000000001,50.99,56.99,56.99,49.0,40,54.29,50.26,45.99,-0.06078467489408723,0.27887500000000004,0.17429687500000002,-0.10320555351523186,0.17171875000000003,0,0,0.27887500000000004,0,0,2.435038469245517,0.04646619969775024,2.2526256519114467,0.15242081717611022,0.07570205992274648,5.0,0.21739130434782608,8.0,0.0614285714285724,0.0016834308031147213,1.178749999999999,0.004663339552166257,-0.18571428571428328,-0.002979908749051537,2.0,0.25,0.25,23.0,16.0,8.0,0.7419354838709677,2.523882,3.095472,2.954477,0.6956521739130435,0.8666666666666666,0.13333333333333341,0,0,0,20260520_PM,20260520_PM/ghp1
1929c09c-602b-4617-8659-48b1a29c8097,12,6,21.166666666666668,0.3333333333333333,0.16666666666666666,0.8333333333333334,0.8333333333333334,0.7361111111111112,0.1780813380536067,4.5,-0.28611111111111115,0.34406340931524476,2.8333333333333335,5480.0,1059.225003084802,0.0988951743714517,130.0,0.5163977794943239,0.16666666666666666,0.16666666666666666,0.6666666666666666,0.0,0.6666666666666666,1,ng,0,0,0,2.0,6.0,10.0,0.0,0.0,0.5555555555555556,0.3333333333333333,0.1111111111111111,0.0,0.0,9.0,129.98555555555555,97.98555555555555,97.98555555555555,129.98,129.99,129.99,129.98,32,129.99,130.0,129.98,-7.692899453815016e-05,3.062048611111111,1.5310243055555555,0.0,1.5309374999999998,0,0,3.062048611111111,0,0,0.010000000000019302,7.693195368711237e-05,46.06975851935435,1.0,0.0,0.0,0.0,9.0,0.01000000000001617,7.693195368708826e-05,0.01000000000001617,7.693195368708826e-05,0.0,0.0,1.0,0.1111111111111111,0.1111111111111111,63.0,14.0,9.0,0.875,0.429451,1.138184,0.429451,0.2222222222222222,1.0,0.0,0,0,0,20260520_PM,20260520_PM/ng1
562efb1b-a346-43e9-8059-5c07029ce57e,12,6,21.166666666666668,0.16666666666666666,0.3333333333333333,0.16666666666666666,1.0,0.7361111111111112,0.09742043287083434,5.0,-0.23611111111111113,0.1901510121124981,3.8333333333333335,5480.0,713.2615037417902,0.06491098945660988,64.0,5.0464508980734815,0.38888888888888884,0.05555555555555555,0.5555555555555555,0.0,0.8333333333333334,1,ghp,1,1,1,7.0,0.0,25.0,0.0,0.0,0.78125,0.0,0.21875,0.0,0.0,16.0,65.455,33.455,33.455,65.31,65.44,66.38,65.21,32,65.4,65.32,63.35,-0.0013761467889908952,1.04546875,0.522734375,-0.030470257147417357,0.52046875,0,0,1.04546875,0,0,0.11574587087275917,0.00176837578022091,4.005614170347792,1.0,0.014721894112560984,4.0,0.2,16.0,0.22624999999999496,0.003447190651302411,0.3318749999999948,0.005048852204110418,-0.10562499999999986,-0.0016016615528080078,-6.0,-0.375,0.375,20.0,4.0,16.0,0.5555555555555556,1.2678425,1.386709,2.768166,0.2,0.7555555555555555,0.24444444444444446,1,0,0,20260520_PM,20260520_PM/ghp2
c790e030-d023-437b-b3f5-54393dc4bea4,12,6,22.5,0.16666666666666666,0.5,0.8333333333333334,0.5,0.7916666666666666,0.20241596335818532,6.0,-0.19166666666666668,0.0981778431668209,2.0,5480.0,604.9131187534286,0.051513990267639864,46.5,2108.4484026569553,0.3333333333333333,0.25,0.25,0.16666666666666666,0.5,1,ghp,1,1,1,0.0,1.0,4.0,0.0,1.0,0.6666666666666666,0.16666666666666666,0.0,0.16666666666666666,0.0,3.0,48.830000000000005,16.830000000000002,16.830000000000002,45.99,49.51,50.99,45.99,32,50.99,54.29,31.0,-0.09805844283192777,0.5259375000000001,0.26296875000000003,-0.39443677706668634,0.21859375000000003,0,0,0.5259375000000002,0,0,,,,0.0,,0.0,0.0,3.0,,,,,,,3.0,1.0,1.0,46.0,43.0,3.0,0.9387755102040817,2.365972,2.365972,,0.9347826086956522,1.0,0.0,0,0,0,20260520_PM,20260520_PM/ghp1
1929c09c-602b-4617-8659-48b1a29c8097,13,6,21.166666666666668,0.3333333333333333,0.16666666666666666,0.8333333333333334,0.8333333333333334,0.7361111111111112,0.1780813380536067,4.5,-0.28611111111111115,0.34406340931524476,2.8333333333333335,5480.0,1327.4627497447902,0.12253223844282236,,,0.16666666666666666,0.16666666666666666,0.6666666666666666,0.0,0.6666666666666666,1,ng,0,0,0,0.0,4.0,8.0,0.0,0.0,0.6666666666666666,0.3333333333333333,0.0,0.0,0.0,6.0,129.98,105.97999999999998,105.97999999999998,129.98,129.98,129.98,129.98,24,129.98,129.99,130.01,0.0,4.415833333333333,1.6559374999999996,0.00023077810787430764,1.6559374999999998,0,0,4.415833333333333,0,0,0.010000000000019304,7.693195368711235e-05,53.79312536657259,1.0,0.004835005581785623,0.0,0.0,6.0,0.010000000000047748,7.693195368733121e-05,0.010000000000047748,7.693195368733121e-05,0.0,0.0,-6.0,-1.0,1.0,65.0,23.0,6.0,0.9154929577464789,0.34537450000000003,0.9551959999999999,0.34537450000000003,0.35384615384615387,1.0,0.0,0,0,0,20260520_PM,20260520_PM/ng1
562efb1b-a346-43e9-8059-5c07029ce57e,13,6,21.166666666666668,0.16666666666666666,0.3333333333333333,0.16666666666666666,1.0,0.7361111111111112,0.09742043287083434,5.0,-0.23611111111111113,0.1901510121124981,3.8333333333333335,5480.0,860.2482934130121,0.07883485401459851,,,0.38888888888888884,0.05555555555555555,0.5555555555555555,0.0,0.8333333333333334,1,ghp,1,1,1,2.0,0.0,48.0,0.0,0.0,0.96,0.0,0.04,0.0,0.0,25.0,64.6432,40.6432,40.6432,63.35,65.31,66.0,63.35,24,65.31,65.4,64.22,-0.030010718113612,1.6934666666666667,0.63505,0.013639781894219993,0.61484375,0,0,1.6934666666666665,0,0,0.6689712011229938,0.010356339709700877,2.7029139519505754,1.0,0.03363775212410045,19.0,0.3877551020408163,25.0,0.6183333333333341,0.009575809738902865,0.6915999999999991,0.011755599645572391,-0.14041666666666566,-0.002179789906669525,-5.0,-0.2,0.2,49.0,21.0,25.0,0.6621621621621622,0.588505,0.588505,0.9682285,0.42857142857142855,0.7142094017094017,0.2857905982905983,1,0,0,20260520_PM,20260520_PM/ghp2
c790e030-d023-437b-b3f5-54393dc4bea4,13,6,22.5,0.16666666666666666,0.5,0.8333333333333334,0.5,0.7916666666666666,0.20241596335818532,6.0,-0.19166666666666668,0.0981778431668209,2.0,5480.0,599.9101276357982,0.05158495539334952,,,0.3333333333333333,0.25,0.25,0.16666666666666666,0.5,1,ghp,1,1,1,0.0,1.0,7.0,0.0,0.0,0.875,0.125,0.0,0.0,0.0,4.0,34.75,10.75,10.75,31.0,38.0,38.0,31.0,24,45.99,50.99,11.0,-0.3259404218308328,0.4479166666666667,0.16796875,-1.0360919316867756,0.109375,0,0,0.4479166666666667,0,0,,,,0.0,,0.0,0.0,4.0,,,,,,,4.0,1.0,1.0,75.0,71.0,4.0,0.9493670886075949,0.166934,0.166934,,0.9466666666666667,1.0,0.0,0,0,0,20260520_PM,20260520_PM/ghp1
1929c09c-602b-4617-8659-48b1a29c8097,14,6,21.166666666666668,0.3333333333333333,0.16666666666666666,0.8333333333333334,0.8333333333333334,0.7361111111111112,0.1780813380536067,4.5,-0.28611111111111115,0.34406340931524476,2.8333333333333335,5480.0,1190.8835802881827,0.10658272506082729,,,0.16666666666666666,0.16666666666666666,0.6666666666666666,0.0,0.6666666666666666,1,ng,0,0,0,5.0,67.0,106.0,0.0,0.0,0.5955056179775281,0.37640449438202245,0.028089887640449437,0.0,0.0,89.0,130.1873033707865,114.18730337078652,114.18730337078652,130.01,129.99,130.91,129.99,16,129.98,129.98,130.0,0.00023080473919057098,7.136706460674158,1.7841766151685394,-7.692011849513847e-05,1.7814062499999999,0,0,7.136706460674157,1,1,0.09592541720898869,0.000735303709537381,12.164195622315512,1.0,0.006183558321157958,39.0,0.3979591836734694,89.0,0.07636363636363344,0.0005849387433238187,0.08168539325844401,0.0006390530410355257,-0.006704545454565195,-5.411429771170693e-05,19.0,0.21348314606741572,0.21348314606741572,98.0,15.0,89.0,0.5240641711229946,0.972443,5.1693845,0.19441350000000002,0.15306122448979592,0.5843283582089552,0.41567164179104477,0,0,1,20260520_PM,20260520_PM/ng1
562efb1b-a346-43e9-8059-5c07029ce57e,14,6,21.166666666666668,0.16666666666666666,0.3333333333333333,0.16666666666666666,1.0,0.7361111111111112,0.09742043287083434,5.0,-0.23611111111111113,0.1901510121124981,3.8333333333333335,5480.0,830.6290897145363,0.07599047039740468,,,0.38888888888888884,0.05555555555555555,0.5555555555555555,0.0,0.8333333333333334,1,ghp,1,1,1,3.0,0.0,31.0,0.0,0.0,0.9117647058823529,0.0,0.08823529411764706,0.0,0.0,17.0,64.48882352941176,48.48882352941176,48.48882352941176,64.22,64.79,65.26,63.24,16,63.35,65.31,62.59,0.013733228097869032,3.030551470588235,0.7576378676470588,-0.025709167724758508,0.7534375,0,0,3.030551470588235,0,0,1.3479630851784317,0.02090878826781447,3.00531608064445,1.0,0.0406413599808129,14.0,0.3111111111111111,17.0,1.1337499999999956,0.017624687926690967,0.5188235294117651,0.007468548155753221,0.651874999999996,0.010156139770937746,7.0,0.4117647058823529,0.4117647058823529,45.0,12.0,17.0,0.7258064516129032,0.702335,1.4338395,1.0926420000000001,0.26666666666666666,0.7777777777777778,0.2222222222222222,1,0,0,20260520_PM,20260520_PM/ghp2
c790e030-d023-437b-b3f5-54393dc4bea4,14,6,22.5,0.16666666666666666,0.5,0.8333333333333334,0.5,0.7916666666666666,0.20241596335818532,6.0,-0.19166666666666668,0.0981778431668209,2.0,5480.0,625.4390659688596,0.05360239253852389,,,0.3333333333333333,0.25,0.25,0.16666666666666666,0.5,1,ghp,1,1,1,0.0,10.0,11.0,0.0,1.0,0.5,0.45454545454545453,0.0,0.045454545454545456,0.0,11.0,11.909090909090908,-4.090909090909091,4.090909090909091,11.0,14.0,14.0,11.0,16,31.0,45.99,7.0,-0.6451612903225806,0.2556818181818182,0.06392045454545454,-0.45198512374305744,-0.078125,0,0,-0.25568181818181823,0,0,4.863562819308075,0.578057072662744,3.0988231308788414,0.35580579037030485,1.1562206968162692,1.0,0.012987012987012988,11.0,-8.409090909090908,-0.4705516705516706,-5.818181818181818,-0.381973581973582,-2.590909090909091,-0.08857808857808858,9.0,0.8181818181818182,0.8181818181818182,77.0,62.0,11.0,0.875,1.090822,0.9321655,,0.8051948051948052,1.0,0.0,0,0,0,20260520_PM,20260520_PM/ghp1
1929c09c-602b-4617-8659-48b1a29c8097,15,6,21.166666666666668,0.3333333333333333,0.16666666666666666,0.8333333333333334,0.8333333333333334,0.7361111111111112,0.1780813380536067,4.5,-0.28611111111111115,0.34406340931524476,2.8333333333333335,5420.0,1375.265869815724,0.12596104961049612,,,0.16666666666666666,0.16666666666666666,0.6666666666666666,0.0,0.6666666666666666,1,ng,0,0,0,5.0,7.0,50.0,0.0,0.0,0.8064516129032258,0.11290322580645161,0.08064516129032258,0.0,0.0,31.0,130.00645161290322,122.00645161290322,122.00645161290322,130.0,130.01,130.02,129.99,8,130.01,129.98,,-7.691716021840378e-05,15.250806451612902,1.9063508064516128,,1.90625,0,0,15.250806451612902,1,0,0.013274095081862268,0.00010210609648148883,15.338002460303573,1.0,0.0002692072093924033,20.0,0.26666666666666666,31.0,0.013333333333321207,0.00010255759462882292,0.008387096774184087,5.897209099899973e-05,0.0056666666666634075,4.35855036298232e-05,-3.0,-0.0967741935483871,0.0967741935483871,75.0,12.0,31.0,0.7075471698113207,0.494438,0.863104,0.349341,0.16,0.669874686716792,0.33012531328320804,0,0,2,20260520_PM,20260520_PM/ng1
562efb1b-a346-43e9-8059-5c07029ce57e,15,6,21.166666666666668,0.16666666666666666,0.3333333333333333,0.16666666666666666,1.0,0.7361111111111112,0.09742043287083434,5.0,-0.23611111111111113,0.1901510121124981,3.8333333333333335,5420.0,954.6733351256852,0.08977941779417789,,,0.38888888888888884,0.05555555555555555,0.5555555555555555,0.0,0.8333333333333334,1,ghp,1,1,1,3.0,0.0,35.0,0.0,0.0,0.9210526315789473,0.0,0.07894736842105263,0.0,0.0,19.0,63.51947368421053,55.51947368421053,55.51947368421053,62.59,63.21,66.26,62.54,8,64.22,63.35,,-0.025381501090003034,6.939934210526316,0.8674917763157896,,0.85296875,0,0,6.939934210526316,1,1,1.4827050706121403,0.02300659849128158,2.2551389674604496,1.0,0.05467212298214592,12.0,0.36363636363636365,19.0,1.6561111111111144,0.0255780095922877,0.08052631578947674,-0.0029983978611047863,1.8511111111111116,0.028576407453392492,-3.0,-0.15789473684210525,0.15789473684210525,33.0,1.0,19.0,0.6346153846153846,1.6409639999999999,4.3837969999999995,2.233029,0.030303030303030304,0.5336700336700336,0.46632996632996637,1,0,1,20260520_PM,20260520_PM/ghp2
c790e030-d023-437b-b3f5-54393dc4bea4,15,6,22.5,0.16666666666666666,0.5,0.8333333333333334,0.5,0.7916666666666666,0.20241596335818532,6.0,-0.19166666666666668,0.0981778431668209,2.0,5420.0,577.4122902398246,0.05049446494464941,,,0.3333333333333333,0.25,0.25,0.16666666666666666,0.5,1,ghp,1,1,1,0.0,4.0,3.0,0.0,1.0,0.375,0.5,0.0,0.125,0.0,4.0,6.755,-1.245,1.245,7.0,7.0,7.01,6.01,8,11.0,31.0,,-0.36363636363636365,0.155625,0.019453125,,-0.015625,0,0,-0.155625,0,0,4.938645256287217,1.0434985716490635,5.2610500075376585,0.9164053250511833,1.459694735696041,8.0,0.34782608695652173,4.0,3.7475,0.8592244100811931,2.75,0.650325148862761,0.9975,0.2088992612184321,2.0,0.5,0.5,23.0,10.0,4.0,0.8518518518518519,0.7341965,2.4647175,4.058247,0.43478260869565216,1.0,0.0,0,0,0,20260520_PM,20260520_PM/ghp1
7639dc96-fd01-4576-8cdc-79c9d30dcd81,1,6,22.5,0.16666666666666666,0.5,0.8333333333333334,0.5,0.7916666666666666,0.2024159633581853,6.0,-0.19166666666666668,0.0981778431668209,2.0,4940.0,18.772320048411704,0.0019005847953216374,,,0.25,0.25,0.3333333333333333,0.16666666666666666,0.16666666666666666,2,ghp,1,1,1,1.0,0.0,1.0,0.0,0.0,0.5,0.0,0.5,0.0,0.0,1.0,105.0,-15.0,15.0,105.0,105.0,105.0,105.0,120,,,140.0,,0.125,0.234375,0.2876820724517808,-0.234375,0,0,-0.125,0,0,85.1985386706113,0.6235273263126723,3.009928797556246,0.9747271502983497,0.6283836004962146,9.0,0.5,1.0,5.0,0.04878048780487805,-50.0,-0.4878048780487805,55.0,0.5365853658536586,1.0,1.0,1.0,18.0,17.0,1.0,0.9473684210526315,0.827403,0.827403,,0.9444444444444444,1.0,0.0,0,0,0,20260520_PM,20260520_PM/ghp1
aa648e2e-d329-4dd5-8902-af2bb6347519,1,6,21.166666666666668,0.3333333333333333,0.16666666666666666,0.8333333333333334,0.8333333333333334,0.7361111111111112,0.17808133805360676,4.5,-0.28611111111111115,0.3440634093152447,2.8333333333333335,4940.0,56.36960244670903,0.005901484480431852,,,0.08333333333333333,0.5,0.4166666666666667,0.0,0.8333333333333334,2,ng,0,0,0,0.0,0.0,13.0,0.0,3.0,0.8125,0.0,0.0,0.1875,0.0,8.0,108.035,-11.964999999999998,15.535000000000002,122.51,10.0,125.0,10.0,120,,,126.0,,0.12945833333333334,0.24273437500000003,0.028089247645398885,0.03921875000000008,0,0,-0.09970833333333336,0,0,3.7003915862468006,0.028920910290728994,2.659869442562015,0.9668814762864081,0.2370910594815405,8.0,0.25,8.0,3.201666666666668,0.025332996275365116,-8.079999999999988,-0.07775936333251189,12.463333333333324,0.10309235960787701,4.0,0.5,0.5,32.0,8.0,8.0,0.8,1.0127145,3.798975,5.9140865,0.25,0.7222222222222222,0.2777777777777778,0,0,0,20260520_PM,20260520_PM/ng1
c06d584f-16fe-42a0-a5b0-281026bd6ca3,1,6,21.166666666666668,0.16666666666666666,0.3333333333333333,0.16666666666666666,1.0,0.7361111111111112,0.09742043287083434,5.0,-0.23611111111111113,0.1901510121124981,3.8333333333333335,4940.0,46.52906962319368,0.004531488978857411,,,0.16666666666666666,0.5,0.3333333333333333,0.0,0.6666666666666666,2,ghp,1,1,1,1.0,0.0,18.0,0.0,3.0,0.8181818181818182,0.0,0.045454545454545456,0.13636363636363635,0.0,11.0,87.56545454545454,-32.43454545454546,32.43454545454546,87.36,74.5,118.32,56.5,120,,,60.96,,0.2702878787878788,0.5067897727272728,-0.35981960061820395,-0.51,0,0,-0.2702878787878788,0,0,36.48155829438336,0.5926579440265154,2.1256026212251142,0.9705134001645661,1.563662636985905,23.0,0.5227272727272727,11.0,39.650909090909096,0.6512487519085315,-18.673636363636362,-0.3399167115414223,58.32454545454546,0.9911654634499538,-3.0,-0.2727272727272727,0.2727272727272727,44.0,23.0,11.0,0.8,0.737949,7.9805625000000004,1.9665785,0.5227272727272727,0.5833333333333334,0.41666666666666663,0,0,0,20260520_PM,20260520_PM/ghp2
7639dc96-fd01-4576-8cdc-79c9d30dcd81,2,6,22.5,0.16666666666666666,0.5,0.8333333333333334,0.5,0.7916666666666666,0.2024159633581853,6.0,-0.19166666666666668,0.0981778431668209,2.0,5120.0,88.55055053470863,0.008832465277777778,,,0.25,0.25,0.3333333333333333,0.16666666666666666,0.16666666666666666,2,ghp,1,1,1,2.0,4.0,4.0,0.0,0.0,0.4,0.4,0.2,0.0,0.0,5.0,156.0,44.0,44.0,140.0,155.0,165.0,140.0,112,105.0,,150.0,0.33333333333333326,0.39285714285714285,0.6875,0.06899287148695166,0.4375,1,0,0.39285714285714285,0,0,44.32070215731105,0.2847644177653053,2.8717034099365764,0.7423713170287178,0.22525983861594345,10.0,0.6666666666666666,5.0,28.0,0.1971351655416265,15.0,0.09995379299260687,13.0,0.09718137254901961,1.0,0.2,0.2,15.0,10.0,5.0,0.75,4.594826,6.712606,7.5809655000000005,0.6666666666666666,0.5,0.5,1,0,0,20260520_PM,20260520_PM/ghp1
aa648e2e-d329-4dd5-8902-af2bb6347519,2,6,21.166666666666668,0.3333333333333333,0.16666666666666666,0.8333333333333334,0.8333333333333334,0.7361111111111112,0.17808133805360676,4.5,-0.28611111111111115,0.3440634093152447,2.8333333333333335,5120.0,121.24324014146114,0.012028320312499991,,,0.08333333333333333,0.5,0.4166666666666667,0.0,0.8333333333333334,2,ng,0,0,0,0.0,0.0,40.0,0.0,0.0,1.0,0.0,0.0,0.0,0.0,20.0,128.1155,16.1155,16.1155,126.0,127.0,129.97,120.01,112,122.51,,126.0,0.02848747041057864,0.14388839285714286,0.2518046875,0.0,0.21875,0,0,0.14388839285714283,0,0,2.366592641461243,0.018885760504692418,3.4326981187717247,1.0,0.06578426338425022,18.0,0.3673469387755102,20.0,1.5442105263157941,0.012148683614991579,-2.521999999999996,-0.018571797035403688,3.9889473684210524,0.030720480650395267,-18.0,-0.9,0.9,49.0,5.0,20.0,0.7101449275362319,0.7357785,7.918058,23.718167,0.10204081632653061,0.9789473684210526,0.021052631578947434,0,0,0,20260520_PM,20260520_PM/ng1
c06d584f-16fe-42a0-a5b0-281026bd6ca3,2,6,21.166666666666668,0.16666666666666666,0.3333333333333333,0.16666666666666666,1.0,0.7361111111111112,0.09742043287083434,5.0,-0.23611111111111113,0.1901510121124981,3.8333333333333335,5120.0,206.98666768659302,0.020898546006944456,,,0.16666666666666666,0.5,0.3333333333333333,0.0,0.6666666666666666,2,ghp,1,1,1,3.0,0.0,17.0,0.0,2.0,0.7727272727272727,0.0,0.13636363636363635,0.09090909090909091,0.0,11.0,64.68363636363637,-47.31636363636364,47.31636363636364,60.96,60.91,98.7,55.47,112,87.36,,75.0,-0.30219780219780223,0.4224675324675325,0.7393181818181819,0.20727020215791914,-0.7975,0,0,-0.42246753246753244,0,0,19.851783723662294,0.2806540867256163,2.327961290432958,1.0,0.6655422787317785,12.0,0.4,11.0,10.345,0.14992260176866906,8.91818181818182,0.061666010033985384,6.269,0.08825659173468367,1.0,0.09090909090909091,0.09090909090909091,30.0,18.0,11.0,0.7317073170731707,2.000768,2.0956345,1.8416385,0.6,0.6190476190476191,0.38095238095238093,0,0,0,20260520_PM,20260520_PM/ghp2
7639dc96-fd01-4576-8cdc-79c9d30dcd81,3,6,22.5,0.16666666666666666,0.5,0.8333333333333334,0.5,0.7916666666666666,0.2024159633581853,6.0,-0.19166666666666668,0.0981778431668209,2.0,5000.0,235.84486426462635,0.023744444444444443,110.0,1344.0932507332468,0.25,0.25,0.3333333333333333,0.16666666666666666,0.16666666666666666,2,ghp,1,1,1,13.0,12.0,6.0,1.0,0.0,0.1875,0.375,0.40625,0.0,0.03125,16.0,126.5625,22.5625,22.5625,150.0,120.0,150.0,110.0,104,140.0,105.0,87.0,0.0714285714285714,0.2169471153846154,0.3525390625,-0.5447271754416718,0.71875,0,0,0.2169471153846154,0,0,29.91652177517184,0.23629615911158822,2.0782220765888635,0.7615189009264601,0.24838855589774325,5.0,0.2,16.0,22.0,0.1728553295714421,15.75,0.13499425767086223,4.533333333333333,0.03786107190057988,6.0,0.375,0.375,25.0,7.0,16.0,0.6097560975609756,4.168589,8.1591475,4.210074,0.28,0.7962962962962963,0.20370370370370372,1,0,0,20260520_PM,20260520_PM/ghp1
aa648e2e-d329-4dd5-8902-af2bb6347519,3,6,21.166666666666668,0.3333333333333333,0.16666666666666666,0.8333333333333334,0.8333333333333334,0.7361111111111112,0.17808133805360676,4.5,-0.28611111111111115,0.3440634093152447,2.8333333333333335,5000.0,261.54998864461805,0.025989777777777747,125.0,3.6742346141747686,0.08333333333333333,0.5,0.4166666666666667,0.0,0.8333333333333334,2,ng,0,0,0,0.0,0.0,53.0,0.0,3.0,0.9464285714285714,0.0,0.0,0.05357142857142857,0.0,28.0,123.99357142857143,19.993571428571432,19.993571428571432,126.0,125.61,127.43,120.01,104,126.0,122.51,131.21,0.0,0.19224587912087915,0.3123995535714286,0.04051718616614686,0.34375,0,0,0.19224587912087912,0,0,3.8976720084387506,0.031499416337388494,3.6245095677632997,1.0,0.048604867893702,9.0,0.5,28.0,3.875555555555552,0.03136648742094819,2.842499999999995,0.023139274207913816,1.0100000000000013,0.008227213213034375,8.0,0.2857142857142857,0.2857142857142857,18.0,1.0,28.0,0.391304347826087,2.143086,2.739397,1.200856,0.05555555555555555,0.5751322751322752,0.42486772486772484,0,0,0,20260520_PM,20260520_PM/ng1
c06d584f-16fe-42a0-a5b0-281026bd6ca3,3,6,21.166666666666668,0.16666666666666666,0.3333333333333333,0.16666666666666666,1.0,0.7361111111111112,0.09742043287083434,5.0,-0.23611111111111113,0.1901510121124981,3.8333333333333335,5000.0,184.88384256067368,0.018933999999999986,63.0,6.968978882638882,0.16666666666666666,0.5,0.3333333333333333,0.0,0.6666666666666666,2,ghp,1,1,1,0.0,0.0,14.0,0.0,2.0,0.875,0.0,0.0,0.125,0.0,8.0,70.47875,-33.52125,33.52125,75.0,60.0,80.6,55.71,104,60.96,87.36,68.71,0.2303149606299213,0.32231971153846156,0.52376953125,-0.08759336449332533,-0.453125,0,0,-0.3223197115384615,0,0,12.825814149363001,0.17986439299263451,2.0740682570494253,1.0,0.4271230031161842,12.0,0.631578947368421,8.0,21.759999999999998,0.27314635051422076,5.090000000000003,0.07681303189174343,16.669999999999995,0.1963333186224773,-4.0,-0.5,0.5,19.0,9.0,8.0,0.7037037037037037,2.523667,5.047496,8.3504465,0.47368421052631576,0.6666666666666666,0.33333333333333337,0,0,0,20260520_PM,20260520_PM/ghp2
7639dc96-fd01-4576-8cdc-79c9d30dcd81,4,6,22.5,0.16666666666666666,0.5,0.8333333333333334,0.5,0.7916666666666666,0.2024159633581853,6.0,-0.19166666666666668,0.0981778431668209,2.0,4880.0,420.77690050666985,0.04359061930783242,,,0.25,0.25,0.3333333333333333,0.16666666666666666,0.16666666666666666,2,ghp,1,1,1,9.0,8.0,4.0,1.0,0.0,0.18181818181818182,0.36363636363636365,0.4090909090909091,0.0,0.045454545454545456,11.0,123.54545454545455,27.545454545454547,29.181818181818183,87.0,140.0,140.0,87.0,96,150.0,140.0,110.0,-0.42000000000000004,0.30397727272727276,0.4559659090909091,0.23457224713783287,-0.140625,0,1,0.2869318181818182,0,0,49.35986442542991,0.44623429966401823,2.48837678343185,0.692550142576534,0.3414798019686546,8.0,0.42105263157894735,11.0,18.7,0.18024921355116225,32.0,0.2854504799759309,-15.8,-0.10520126642476868,7.0,0.6363636363636364,0.6363636363636364,19.0,9.0,11.0,0.6333333333333333,3.0905924999999996,3.258255,5.9752849999999995,0.47368421052631576,0.8333333333333334,0.16666666666666663,1,1,0,20260520_PM,20260520_PM/ghp1
aa648e2e-d329-4dd5-8902-af2bb6347519,4,6,21.166666666666668,0.3333333333333333,0.16666666666666666,0.8333333333333334,0.8333333333333334,0.7361111111111112,0.17808133805360676,4.5,-0.28611111111111115,0.3440634093152447,2.8333333333333335,4880.0,598.9265516238198,0.05264048269581057,,,0.08333333333333333,0.5,0.4166666666666667,0.0,0.8333333333333334,2,ng,0,0,0,0.0,0.0,103.0,0.0,3.0,0.9716981132075472,0.0,0.0,0.02830188679245283,0.0,53.0,130.27094339622641,34.270943396226414,34.270943396226414,131.21,126.0,132.25,126.0,96,126.0,126.0,129.88,0.04134920634920647,0.3569889937106918,0.5354834905660377,-0.010188145882979782,0.5501562500000001,0,0,0.3569889937106918,0,0,0.3720621199430281,0.0028642912581116017,11.985574448209558,1.0,0.03604664607922408,42.0,0.525,53.0,1.5732692307692384,0.01237870906383261,-0.8469811320754597,-0.0064751589395991805,2.380769230769226,0.01885386800343179,45.0,0.8490566037735849,0.8490566037735849,80.0,23.0,53.0,0.6015037593984962,0.637402,1.13222,0.987989,0.2875,0.8055555555555555,0.19444444444444453,0,0,0,20260520_PM,20260520_PM/ng1
c06d584f-16fe-42a0-a5b0-281026bd6ca3,4,6,21.166666666666668,0.16666666666666666,0.3333333333333333,0.16666666666666666,1.0,0.7361111111111112,0.09742043287083434,5.0,-0.23611111111111113,0.1901510121124981,3.8333333333333335,4880.0,154.8049297664643,0.015956284153005453,,,0.16666666666666666,0.5,0.3333333333333333,0.0,0.6666666666666666,2,ghp,1,1,1,4.0,0.0,51.0,0.0,3.0,0.8793103448275862,0.0,0.06896551724137931,0.05172413793103448,0.0,29.0,68.47068965517241,-27.529310344827586,27.529310344827586,68.71,60.0,76.82,55.46,96,75.0,60.96,68.26,-0.08386666666666676,0.28676364942528737,0.430145474137931,-0.00657080556442402,-0.4264062500000001,0,0,-0.2867636494252874,0,0,1.3174443262705418,0.019831428067885997,3.076547146201171,1.0,0.1356833808731287,48.0,0.4485981308411215,29.0,1.8942857142857135,0.027993200982801957,1.1451724137931047,0.01930745874004972,0.5949999999999979,0.00868574224275224,11.0,0.3793103448275862,0.3793103448275862,107.0,54.0,29.0,0.7867647058823529,0.240267,3.184346,1.0419245,0.5046728971962616,0.6863756613756614,0.3136243386243386,0,0,0,20260520_PM,20260520_PM/ghp2
7639dc96-fd01-4576-8cdc-79c9d30dcd81,5,6,22.5,0.16666666666666666,0.5,0.8333333333333334,0.5,0.7916666666666666,0.2024159633581853,6.0,-0.19166666666666668,0.0981778431668209,2.0,4880.0,459.7947368119821,0.0478028233151184,,,0.25,0.25,0.3333333333333333,0.16666666666666666,0.16666666666666666,2,ghp,1,1,1,6.0,2.0,4.0,0.0,0.0,0.3333333333333333,0.16666666666666666,0.5,0.0,0.0,6.0,105.83333333333333,17.833333333333332,18.833333333333332,110.0,125.0,125.0,85.0,88,87.0,150.0,107.5,0.26436781609195403,0.2140151515151515,0.2942708333333333,-0.022989518224699523,0.34375,0,0,0.2026515151515151,0,0,42.344320240885175,0.39609058064622393,3.260949235162113,1.0,0.26526244517842296,9.0,0.5625,6.0,31.5,0.3074238557576873,25.166666666666668,0.24289382217011599,6.333333333333333,0.06453003358757135,2.0,0.3333333333333333,0.3333333333333333,16.0,11.0,6.0,0.7272727272727273,2.753013,5.342399,14.024053,0.6875,0.75,0.25,1,1,0,20260520_PM,20260520_PM/ghp1
aa648e2e-d329-4dd5-8902-af2bb6347519,5,6,21.166666666666668,0.3333333333333333,0.16666666666666666,0.8333333333333334,0.8333333333333334,0.7361111111111112,0.17808133805360676,4.5,-0.28611111111111115,0.3440634093152447,2.8333333333333335,4880.0,268.3163449363457,0.02811725865209475,,,0.08333333333333333,0.5,0.4166666666666667,0.0,0.8333333333333334,2,ng,0,0,0,0.0,0.0,83.0,0.0,5.0,0.9431818181818182,0.0,0.0,0.056818181818181816,0.0,44.0,130.6240909090909,42.6240909090909,42.6240909090909,129.88,131.25,131.83,129.88,88,131.21,126.0,131.73,-0.010136422528770783,0.48436466942148754,0.6660014204545454,0.014143426007090731,0.6543749999999999,0,0,0.4843646694214876,0,0,0.20504752414231758,0.001562148197931098,12.984983235332969,1.0,0.03346329690618345,13.0,0.22413793103448276,44.0,1.2746511627906991,0.009736157836132407,0.8115909090909086,0.00631837193212235,0.44790697674418717,0.0034177859040100548,-12.0,-0.2727272727272727,0.2727272727272727,58.0,15.0,44.0,0.5686274509803921,0.5470175,0.5525635,2.730978,0.25862068965517243,0.7660818713450293,0.23391812865497075,0,0,0,20260520_PM,20260520_PM/ng1
c06d584f-16fe-42a0-a5b0-281026bd6ca3,5,6,21.166666666666668,0.16666666666666666,0.3333333333333333,0.16666666666666666,1.0,0.7361111111111112,0.09742043287083434,5.0,-0.23611111111111113,0.1901510121124981,3.8333333333333335,4880.0,248.46547550917398,0.026332081056466283,,,0.16666666666666666,0.5,0.3333333333333333,0.0,0.6666666666666666,2,ghp,1,1,1,0.0,0.0,46.0,0.0,2.0,0.9583333333333334,0.0,0.0,0.041666666666666664,0.0,24.0,68.17625,-19.82375,19.82375,68.26,68.7,69.39,64.37,88,68.71,75.0,67.2,-0.0065492650269245445,0.22526988636363637,0.30974609375,-0.015650695949457116,-0.3084374999999999,0,0,-0.2252698863636364,0,0,3.0545575846782245,0.046220248268514154,2.9493237822614793,1.0,0.07155644732224545,21.0,0.3888888888888889,24.0,1.3466666666666616,0.020074087317123856,0.21791666666665913,0.003461385612911982,1.1287500000000026,0.016612701704211873,0.0,0.0,0.0,54.0,28.0,24.0,0.6923076923076923,0.5237195,2.1405339999999997,1.302027,0.5185185185185185,0.7309090909090908,0.26909090909090916,0,0,0,20260520_PM,20260520_PM/ghp2
7639dc96-fd01-4576-8cdc-79c9d30dcd81,6,6,22.5,0.16666666666666666,0.5,0.8333333333333334,0.5,0.7916666666666666,0.2024159633581853,6.0,-0.19166666666666668,0.0981778431668209,2.0,4820.0,559.4981680041498,0.058494698017519595,95.0,1476.065095673855,0.25,0.25,0.3333333333333333,0.16666666666666666,0.16666666666666666,2,ghp,1,1,1,6.0,3.0,5.0,0.0,0.0,0.35714285714285715,0.21428571428571427,0.42857142857142855,0.0,0.0,7.0,106.85714285714286,26.857142857142858,26.857142857142858,107.5,115.0,118.0,90.0,80,110.0,87.0,90.0,-0.022727272727272707,0.33571428571428574,0.41964285714285715,-0.17768117723745203,0.4296875,0,0,0.33571428571428574,0,0,41.61749473503688,0.4739637477126939,4.931703027513542,1.0,0.33236764668718466,9.0,0.5,7.0,23.714285714285715,0.23235634838232586,12.928571428571429,0.13271254580710865,10.785714285714286,0.09964380257521721,3.0,0.42857142857142855,0.42857142857142855,18.0,11.0,7.0,0.72,3.502109,4.100647,7.062183,0.6111111111111112,0.8400000000000001,0.15999999999999992,1,1,0,20260520_PM,20260520_PM/ghp1
aa648e2e-d329-4dd5-8902-af2bb6347519,6,6,21.166666666666668,0.3333333333333333,0.16666666666666666,0.8333333333333334,0.8333333333333334,0.7361111111111112,0.17808133805360676,4.5,-0.28611111111111115,0.3440634093152447,2.8333333333333335,4820.000000000001,684.1953201243047,0.0729155140617796,131.5,0.9831920802501743,0.08333333333333333,0.5,0.4166666666666667,0.0,0.8333333333333334,2,ng,0,0,0,0.0,0.0,86.0,0.0,4.0,0.9555555555555556,0.0,0.0,0.044444444444444446,0.0,45.0,130.58733333333333,50.587333333333326,50.587333333333326,131.73,129.87,131.73,129.26,80,129.88,131.21,131.9,0.014243917462272826,0.6323416666666666,0.7904270833333332,0.0012896864815328257,0.8082812499999998,0,0,0.6323416666666667,0,0,0.18119192487378388,0.0013755597277994211,13.8620653042107,1.0,0.0437582782034321,21.0,0.2916666666666667,45.0,0.4779545454545513,0.003662428119259267,0.12755555555556713,0.0010720959453777415,0.3368181818181752,0.002590332173881526,23.0,0.5111111111111111,0.5111111111111111,72.0,33.0,45.0,0.6153846153846154,0.608482,0.783299,1.6658775000000001,0.4583333333333333,0.6690270128507737,0.3309729871492263,0,0,0,20260520_PM,20260520_PM/ng1
c06d584f-16fe-42a0-a5b0-281026bd6ca3,6,6,21.166666666666668,0.16666666666666666,0.3333333333333333,0.16666666666666666,1.0,0.7361111111111112,0.09742043287083434,5.0,-0.23611111111111113,0.1901510121124981,3.8333333333333335,4820.0,205.2373302301505,0.021585753803596088,66.5,3.7416573867739427,0.16666666666666666,0.5,0.3333333333333333,0.0,0.6666666666666666,2,ghp,1,1,1,1.0,0.0,10.0,0.0,1.0,0.8333333333333334,0.0,0.08333333333333333,0.08333333333333333,0.0,6.0,66.87666666666667,-13.123333333333333,13.123333333333333,67.2,68.13,68.13,64.04,80,68.26,68.71,65.0,-0.015528860240257902,0.16404166666666667,0.20505208333333333,-0.03328597763346686,-0.19999999999999996,0,0,-0.1640416666666667,0,0,0.7357979370444137,0.010997915929916858,2.0053163548508066,1.0,0.05456423687740073,8.0,0.27586206896551724,6.0,1.474999999999999,0.022051385024591138,1.1349999999999956,0.017192341245784504,0.3400000000000034,0.004859043778806631,-4.0,-0.6666666666666666,0.6666666666666666,29.0,8.0,6.0,0.8285714285714286,1.7196775,3.2376840000000002,41.2512865,0.27586206896551724,0.8055555555555555,0.19444444444444453,0,0,0,20260520_PM,20260520_PM/ghp2
7639dc96-fd01-4576-8cdc-79c9d30dcd81,7,6,22.5,0.16666666666666666,0.5,0.8333333333333334,0.5,0.7916666666666666,0.2024159633581853,6.0,-0.19166666666666668,0.0981778431668209,2.0,4760.0,598.0292634980332,0.06329365079365079,,,0.25,0.25,0.3333333333333333,0.16666666666666666,0.16666666666666666,2,ghp,1,1,1,1.0,0.0,1.0,0.0,0.0,0.5,0.0,0.5,0.0,0.0,1.0,90.0,18.0,18.0,90.0,90.0,90.0,90.0,72,107.5,110.0,80.0,-0.16279069767441856,0.25,0.28125,-0.11778303565638382,0.28125,0,0,0.25,0,0,45.99849323226137,0.5596022487691215,3.8546484843388202,1.0,0.4400618406767179,4.0,0.2222222222222222,1.0,30.0,0.2857142857142857,-10.0,-0.09523809523809523,40.0,0.38095238095238093,-1.0,-1.0,1.0,18.0,15.0,1.0,0.9473684210526315,4.263848,9.714713,15.973346,0.8333333333333334,1.0,0.0,1,1,0,20260520_PM,20260520_PM/ghp1
aa648e2e-d329-4dd5-8902-af2bb6347519,7,6,21.166666666666668,0.3333333333333333,0.16666666666666666,0.8333333333333334,0.8333333333333334,0.7361111111111112,0.17808133805360676,4.5,-0.28611111111111115,0.3440634093152447,2.8333333333333335,4760.0,1135.0129685778927,0.1179872782446312,,,0.08333333333333333,0.5,0.4166666666666667,0.0,0.8333333333333334,2,ng,0,0,0,0.0,0.0,42.0,0.0,0.0,1.0,0.0,0.0,0.0,0.0,21.0,131.8447619047619,59.8447619047619,59.8447619047619,131.9,131.34,132.0,131.34,72,131.73,129.88,131.0,0.001290518484779568,0.8311772486772486,0.9350744047619047,-0.006846736522117425,0.9359375000000001,0,0,0.8311772486772485,0,0,0.3344677821498026,0.0025480587569629474,7.571221138817032,1.0,0.007367763068683315,15.0,0.2727272727272727,21.0,0.9420000000000102,0.007183039412913064,0.4138095238095345,0.00314872041641037,0.5289999999999992,0.004034318996502694,15.0,0.7142857142857143,0.7142857142857143,55.0,10.0,21.0,0.7236842105263158,1.066785,1.6423585,2.1922655,0.18181818181818182,0.5238095238095238,0.47619047619047616,0,0,0,20260520_PM,20260520_PM/ng1
c06d584f-16fe-42a0-a5b0-281026bd6ca3,7,6,21.166666666666668,0.16666666666666666,0.3333333333333333,0.16666666666666666,1.0,0.7361111111111112,0.09742043287083434,5.0,-0.23611111111111113,0.1901510121124981,3.8333333333333335,4760.0,174.37597368903764,0.01864239028944911,,,0.16666666666666666,0.5,0.3333333333333333,0.0,0.6666666666666666,2,ghp,1,1,1,4.0,0.0,51.0,0.0,1.0,0.9107142857142857,0.0,0.07142857142857142,0.017857142857142856,0.0,28.0,66.22999999999999,-5.770000000000002,5.770000000000002,65.0,67.67,67.67,64.15,72,67.2,68.26,65.24,-0.03273809523809523,0.08013888888888893,0.09015625000000003,0.003685507857175807,-0.109375,0,0,-0.08013888888888904,0,0,1.006745922156824,0.015456077457083744,2.8343556518066313,1.0,0.04495582713950562,18.0,0.3,28.0,0.8070370370370314,0.012263564064410346,0.9653571428571388,0.013677967649719392,-0.0914814814814825,-0.0014144035853090474,18.0,0.6428571428571429,0.6428571428571429,60.0,19.0,28.0,0.6818181818181818,0.468668,0.778464,0.6703265,0.31666666666666665,0.73,0.27,0,0,0,20260520_PM,20260520_PM/ghp2
7639dc96-fd01-4576-8cdc-79c9d30dcd81,8,6,22.5,0.16666666666666666,0.5,0.8333333333333334,0.5,0.7916666666666666,0.2024159633581853,6.0,-0.19166666666666668,0.0981778431668209,2.0,4700.0,660.9149718382841,0.07029550827423167,,,0.25,0.25,0.3333333333333333,0.16666666666666666,0.16666666666666666,2,ghp,1,1,1,3.0,0.0,3.0,0.0,0.0,0.5,0.0,0.5,0.0,0.0,3.0,86.66666666666667,22.666666666666668,22.666666666666668,80.0,85.0,95.0,80.0,64,90.0,107.5,54.56,-0.11111111111111116,0.3541666666666667,0.3541666666666667,-0.3827256211386745,0.25,0,0,0.35416666666666674,0,0,38.22809309305785,0.516272553888901,3.4585082328984593,1.0,0.5436931890478526,7.0,0.5384615384615384,3.0,27.5,0.3369175627240143,16.666666666666668,0.2025089605734767,12.5,0.13440860215053763,1.0,0.3333333333333333,0.3333333333333333,13.0,12.0,3.0,0.8125,6.048608,7.913301,78.621573,0.9230769230769231,0.7777777777777777,0.22222222222222232,1,1,0,20260520_PM,20260520_PM/ghp1
aa648e2e-d329-4dd5-8902-af2bb6347519,8,6,21.166666666666668,0.3333333333333333,0.16666666666666666,0.8333333333333334,0.8333333333333334,0.7361111111111112,0.17808133805360676,4.5,-0.28611111111111115,0.3440634093152447,2.8333333333333335,4700.0,647.7501313932711,0.07089479905437354,,,0.08333333333333333,0.5,0.4166666666666667,0.0,0.8333333333333334,2,ng,0,0,0,0.0,0.0,92.0,0.0,0.0,1.0,0.0,0.0,0.0,0.0,46.0,131.3391304347826,67.3391304347826,67.3391304347826,131.0,131.89,131.89,131.0,64,131.9,131.73,131.02,-0.006823351023502733,1.0521739130434782,1.0521739130434782,0.00015266010257874996,1.046875,0,0,1.052173913043478,0,0,0.2604672768218276,0.0019829510773659007,4.8296306343380175,1.0,0.007216964648741367,15.0,0.32608695652173914,46.0,0.2982222222222163,0.002269066710040661,-0.055652173913049705,-0.00041823905958246656,0.3540000000000014,0.0026873057696231275,-46.0,-1.0,1.0,46.0,4.0,46.0,0.5,0.765711,1.215346,0.704523,0.08695652173913043,0.9818181818181818,0.018181818181818188,0,0,0,20260520_PM,20260520_PM/ng1
c06d584f-16fe-42a0-a5b0-281026bd6ca3,8,6,21.166666666666668,0.16666666666666666,0.3333333333333333,0.16666666666666666,1.0,0.7361111111111112,0.09742043287083434,5.0,-0.23611111111111113,0.1901510121124981,3.8333333333333335,4700.0,165.61580600896738,0.01767754137115838,,,0.16666666666666666,0.5,0.3333333333333333,0.0,0.6666666666666666,2,ghp,1,1,1,2.0,0.0,13.0,0.0,1.0,0.8125,0.0,0.125,0.0625,0.0,8.0,65.19875,1.1987499999999986,1.1987499999999986,65.24,65.0,66.14,64.14,64,65.0,67.2,65.21,0.0036923076923076614,0.01873046874999998,0.01873046874999998,-0.00045994634770174514,0.01937499999999992,0,0,0.018730468750000062,0,0,1.2239193658091467,0.01877199577645809,2.245012089044176,1.0,0.027898144653923918,11.0,0.3333333333333333,8.0,1.208750000000002,0.018539290919817295,0.6687500000000028,0.010215798004792416,0.5399999999999991,0.00832349291502488,6.0,0.75,0.75,33.0,9.0,8.0,0.8048780487804879,0.78217,6.217111,13.2267375,0.2727272727272727,0.9333333333333332,0.06666666666666676,0,0,0,20260520_PM,20260520_PM/ghp2
7639dc96-fd01-4576-8cdc-79c9d30dcd81,9,6,22.5,0.16666666666666666,0.5,0.8333333333333334,0.5,0.7916666666666666,0.2024159633581853,6.0,-0.19166666666666668,0.0981778431668209,2.0,4880.0,607.4140812328935,0.061116575591985425,50.0,1494.7254485913681,0.25,0.25,0.3333333333333333,0.16666666666666666,0.16666666666666666,2,ghp,1,1,1,14.0,12.0,6.0,0.0,0.0,0.1875,0.375,0.4375,0.0,0.0,16.0,54.74875,-1.2512499999999993,3.0637499999999993,54.56,70.5,70.5,52.0,56,80.0,90.0,41.0,-0.31799999999999995,0.05470982142857141,0.04787109374999999,-0.2857289468308988,-0.022499999999999964,0,0,-0.022343749999999978,0,0,14.120799110463295,0.1893148272873727,2.8234832605035867,0.961747781713959,0.36162794216972455,22.0,0.6111111111111112,16.0,2.740000000000002,0.04387424136392613,-0.45750000000000046,-0.008041105959398644,3.1975000000000025,0.05191534732332477,4.0,0.25,0.25,36.0,20.0,16.0,0.6923076923076923,2.645593,5.362016000000001,4.8447205,0.5555555555555556,0.9333333333333332,0.06666666666666676,1,1,0,20260520_PM,20260520_PM/ghp1
aa648e2e-d329-4dd5-8902-af2bb6347519,9,6,21.166666666666668,0.3333333333333333,0.16666666666666666,0.8333333333333334,0.8333333333333334,0.7361111111111112,0.17808133805360676,4.5,-0.28611111111111115,0.3440634093152447,2.8333333333333335,4880.0,846.6960403356095,0.08783253642987252,131.0,0.6324555320336759,0.08333333333333333,0.5,0.4166666666666667,0.0,0.8333333333333334,2,ng,0,0,0,0.0,0.0,126.0,0.0,0.0,1.0,0.0,0.0,0.0,0.0,63.0,131.73507936507934,75.73507936507936,75.73507936507936,131.02,131.0,132.5,130.4,56,131.0,131.9,131.01,0.00015267175572519776,1.3524121315192743,1.183360615079365,-7.632713815031167e-05,1.1721875000000002,0,0,1.352412131519274,0,0,0.15422210668658284,0.0011718579260826488,5.001848064679968,1.0,0.02162130930900629,23.0,0.5,63.0,0.5080645161290359,0.0038546630105129125,0.3517460317460376,0.0026878247295640217,0.15451612903225598,0.0011668382809488904,11.0,0.1746031746031746,0.1746031746031746,46.0,5.0,63.0,0.42201834862385323,1.444194,5.24689,0.921116,0.10869565217391304,0.4677716672009996,0.5322283327990004,0,0,0,20260520_PM,20260520_PM/ng1
c06d584f-16fe-42a0-a5b0-281026bd6ca3,9,6,21.166666666666668,0.16666666666666666,0.3333333333333333,0.16666666666666666,1.0,0.7361111111111112,0.09742043287083434,5.0,-0.23611111111111113,0.1901510121124981,3.8333333333333335,4880.0,216.71164546465897,0.02258743169398907,65.0,6.282250127674531,0.16666666666666666,0.5,0.3333333333333333,0.0,0.6666666666666666,2,ghp,1,1,1,1.0,0.0,44.0,0.0,3.0,0.9166666666666666,0.0,0.020833333333333332,0.0625,0.0,24.0,64.84458333333333,8.84458333333333,8.84458333333333,65.21,64.57,65.78,63.82,56,65.24,65.0,64.25,-0.0004598405885959389,0.15793898809523804,0.1381966145833333,-0.01483110762978157,0.1439062499999999,0,0,0.15793898809523807,0,0,0.6899298244389888,0.0106370161807296,2.3177336835980458,1.0,0.03337107829344636,23.0,0.42592592592592593,24.0,0.8052173913043508,0.01238934897261984,0.5787500000000053,0.008297572545046447,0.27130434782608487,0.004091776427573394,-20.0,-0.8333333333333334,0.8333333333333334,54.0,15.0,24.0,0.6923076923076923,0.9752495,1.013682,1.307161,0.2777777777777778,0.8204365079365079,0.1795634920634921,0,0,0,20260520_PM,20260520_PM/ghp2
7639dc96-fd01-4576-8cdc-79c9d30dcd81,10,6,22.5,0.16666666666666666,0.5,0.8333333333333334,0.5,0.7916666666666666,0.2024159633581853,6.0,-0.19166666666666668,0.0981778431668209,2.0,4880.0,618.7791286719355,0.06259653916211293,,,0.25,0.25,0.3333333333333333,0.16666666666666666,0.16666666666666666,2,ghp,1,1,1,3.0,6.0,3.0,0.0,0.0,0.25,0.5,0.25,0.0,0.0,6.0,42.333333333333336,-5.666666666666667,7.0,41.0,50.0,50.0,31.0,48,54.56,80.0,21.57,-0.24853372434017595,0.14583333333333334,0.109375,-0.6422686063032428,-0.109375,0,0,-0.11805555555555551,0,0,11.834588462425298,0.3167294011924785,2.6340158511324545,0.9056745132510765,0.548507782649403,11.0,0.36666666666666664,6.0,10.541666666666666,0.2590809491919097,7.166666666666667,0.1788704282479934,3.375,0.08021052094391633,-2.0,-0.3333333333333333,0.3333333333333333,30.0,23.0,6.0,0.8333333333333334,1.5463529999999999,5.4455955,2.703127,0.7666666666666667,1.0,0.0,1,1,0,20260520_PM,20260520_PM/ghp1
aa648e2e-d329-4dd5-8902-af2bb6347519,10,6,21.166666666666668,0.3333333333333333,0.16666666666666666,0.8333333333333334,0.8333333333333334,0.7361111111111112,0.17808133805360676,4.5,-0.28611111111111115,0.3440634093152447,2.8333333333333335,4880.0,924.5109873441208,0.09245833333333339,,,0.08333333333333333,0.5,0.4166666666666667,0.0,0.8333333333333334,2,ng,0,0,0,0.0,0.0,114.0,0.0,8.0,0.9344262295081968,0.0,0.0,0.06557377049180328,0.0,61.0,132.13360655737705,84.13360655737705,84.13360655737705,131.01,131.04,160.0,131.01,48,131.02,131.0,131.02,-7.632422530923222e-05,1.7527834699453553,1.3145876024590164,7.632713815031167e-05,1.2970312499999999,0,0,1.7527834699453553,0,0,0.214103619863008,0.0015291616914027836,9.522994396011919,0.993199327216894,0.10396165012710686,9.0,0.08333333333333333,61.0,2.1296721311475357,0.014910807979169917,-1.413606557377053,-0.01179932094385467,3.543278688524589,0.026710128923024583,43.0,0.7049180327868853,0.7049180327868853,108.0,18.0,61.0,0.6390532544378699,0.150918,0.250857,0.150918,0.16666666666666666,0.7429249011857707,0.2570750988142293,0,0,0,20260520_PM,20260520_PM/ng1
c06d584f-16fe-42a0-a5b0-281026bd6ca3,10,6,21.166666666666668,0.16666666666666666,0.3333333333333333,0.16666666666666666,1.0,0.7361111111111112,0.09742043287083434,5.0,-0.23611111111111113,0.1901510121124981,3.8333333333333335,4880.0,251.2835767017015,0.02604587887067391,,,0.16666666666666666,0.5,0.3333333333333333,0.0,0.6666666666666666,2,ghp,1,1,1,0.0,0.0,26.0,0.0,0.0,1.0,0.0,0.0,0.0,0.0,13.0,65.01846153846154,17.01846153846154,17.01846153846154,64.25,65.23,65.25,64.25,48,65.21,65.24,65.44,-0.014721668455758175,0.3545512820512821,0.26591346153846157,0.018351968519162654,0.25390625,0,0,0.354551282051282,0,0,0.37188554619234104,0.005725916018769285,2.7609091071952623,1.0,0.011488050205160267,11.0,0.44,13.0,0.21249999999999858,0.003273980022242964,0.260000000000004,0.004941137142851675,-0.10916666666667159,-0.0016671571206087106,7.0,0.5384615384615384,0.5384615384615384,25.0,6.0,13.0,0.6578947368421053,1.357439,2.671078,1.519095,0.24,0.4777777777777778,0.5222222222222221,0,0,0,20260520_PM,20260520_PM/ghp2
7639dc96-fd01-4576-8cdc-79c9d30dcd81,11,6,22.5,0.16666666666666666,0.5,0.8333333333333334,0.5,0.7916666666666666,0.2024159633581853,6.0,-0.19166666666666668,0.0981778431668209,2.0,4880.0,743.1597686904211,0.07454086976320583,,,0.25,0.25,0.3333333333333333,0.16666666666666666,0.16666666666666666,2,ghp,1,1,1,13.0,19.0,6.0,0.0,0.0,0.15789473684210525,0.5,0.34210526315789475,0.0,0.0,19.0,25.412105263157894,-14.587894736842106,14.587894736842106,21.57,30.0,30.0,20.0,40,41.0,54.56,18.13,-0.4739024390243902,0.36469736842105266,0.2279358552631579,-0.1737354356343057,-0.28796875,0,1,-0.36469736842105266,0,0,6.617667280920741,0.26720370899071233,4.999018976707272,0.9888621750658665,0.5545412624411704,19.0,0.6333333333333333,19.0,5.741052631578946,0.24099998655349006,4.918947368421052,0.21178861575243282,0.8221052631578946,0.029211370801057207,15.0,0.7894736842105263,0.7894736842105263,30.0,8.0,19.0,0.6122448979591837,0.8382065,0.905048,2.039058,0.26666666666666666,1.0,0.0,1,2,0,20260520_PM,20260520_PM/ghp1
aa648e2e-d329-4dd5-8902-af2bb6347519,11,6,21.166666666666668,0.3333333333333333,0.16666666666666666,0.8333333333333334,0.8333333333333334,0.7361111111111112,0.17808133805360676,4.5,-0.28611111111111115,0.3440634093152447,2.8333333333333335,4880.0,1022.766390061777,0.10434005009107464,,,0.08333333333333333,0.5,0.4166666666666667,0.0,0.8333333333333334,2,ng,0,0,0,0.0,0.0,63.0,0.0,5.0,0.9264705882352942,0.0,0.0,0.07352941176470588,0.0,34.0,131.00941176470587,91.00941176470587,91.00941176470587,131.02,131.01,131.02,131.0,40,131.01,131.02,131.2,7.633005114127123e-05,2.275235294117647,1.4220220588235293,0.0013728932062582189,1.4221875000000002,0,0,2.275235294117647,0,0,0.12137046954697597,0.0009215235828587905,7.932581179690814,1.0,0.014566341498263724,0.0,0.0,34.0,0.010303030303022655,7.864590796308637e-05,0.018823529411757616,0.0001457255972989593,-0.008787878787879408,-6.707968933587294e-05,28.0,0.8235294117647058,0.8235294117647058,73.0,26.0,34.0,0.6822429906542056,0.822738,0.9732274999999999,0.662118,0.3561643835616438,0.7156862745098039,0.28431372549019607,0,0,0,20260520_PM,20260520_PM/ng1
c06d584f-16fe-42a0-a5b0-281026bd6ca3,11,6,21.166666666666668,0.16666666666666666,0.3333333333333333,0.16666666666666666,1.0,0.7361111111111112,0.09742043287083434,5.0,-0.23611111111111113,0.1901510121124981,3.8333333333333335,4880.0,244.32937252815086,0.025169057377049175,,,0.16666666666666666,0.5,0.3333333333333333,0.0,0.6666666666666666,2,ghp,1,1,1,1.0,0.0,43.0,0.0,0.0,0.9772727272727273,0.0,0.022727272727272728,0.0,0.0,22.0,64.91909090909091,24.91909090909091,24.91909090909091,65.44,64.5,66.22,64.0,40,64.25,65.21,66.19,0.018521400778210184,0.6229772727272728,0.3893607954545455,0.011395701836339533,0.39749999999999996,0,0,0.6229772727272728,0,0,0.4628124336721246,0.007122706015228244,3.199467433103954,1.0,0.027002718066466546,18.0,0.4864864864864865,22.0,0.7623809523809465,0.011741919237236569,0.9309090909090905,0.015157556654498245,-0.22095238095238706,-0.0034156374172616753,4.0,0.18181818181818182,0.18181818181818182,37.0,16.0,22.0,0.6271186440677966,2.5155425,4.728118,3.3685229999999997,0.43243243243243246,0.5075757575757576,0.49242424242424243,0,0,0,20260520_PM,20260520_PM/ghp2
7639dc96-fd01-4576-8cdc-79c9d30dcd81,12,6,22.5,0.16666666666666666,0.5,0.8333333333333334,0.5,0.7916666666666666,0.2024159633581853,6.0,-0.19166666666666668,0.0981778431668209,2.0,4760.0,710.0342026409711,0.0740828664799253,12.0,1791.8864547360881,0.25,0.25,0.3333333333333333,0.16666666666666666,0.16666666666666666,2,ghp,1,1,1,6.0,9.0,5.0,0.0,0.0,0.25,0.45,0.3,0.0,0.0,10.0,21.978,-10.022,10.022,18.13,24.75,25.0,18.13,32,21.57,41.0,15.0,-0.1594807603152527,0.3131875,0.15659375,-0.1895178236645494,-0.21671875000000002,0,0,-0.31318749999999995,0,0,3.573084202748224,0.24736110728817504,2.4748817101951297,0.9909511801057763,0.47204744616313654,20.0,0.5882352941176471,10.0,1.797000000000001,0.09855906313031326,-2.459,-0.09085439316063729,4.256000000000001,0.18941345629095055,0.0,0.0,0.0,34.0,20.0,10.0,0.7727272727272727,1.4281465,2.950356,1.986318,0.5882352941176471,0.9199999999999999,0.08000000000000007,1,2,0,20260520_PM,20260520_PM/ghp1
aa648e2e-d329-4dd5-8902-af2bb6347519,12,6,21.166666666666668,0.3333333333333333,0.16666666666666666,0.8333333333333334,0.8333333333333334,0.7361111111111112,0.17808133805360676,4.5,-0.28611111111111115,0.3440634093152447,2.8333333333333335,4760.0,892.4005509859344,0.07936367880485527,131.0,4.589843860815601,0.08333333333333333,0.5,0.4166666666666667,0.0,0.8333333333333334,2,ng,0,0,0,0.0,0.0,60.0,0.0,0.0,1.0,0.0,0.0,0.0,0.0,30.0,131.10266666666666,99.10266666666666,99.10266666666666,131.2,131.03,131.2,130.99,32,131.02,131.01,131.36,0.0013738360555639595,3.0969583333333333,1.5484791666666666,0.0012187691941303314,1.5499999999999998,0,0,3.0969583333333333,0,0,0.10869353117150922,0.0008288182667272151,4.668058706531832,1.0,0.009880228850441188,14.0,0.15053763440860216,30.0,0.11103448275860203,0.0008470302829093858,0.10933333333332294,0.0008128120656416154,0.004482758620681658,3.4218217267770496e-05,14.0,0.4666666666666667,0.4666666666666667,93.0,23.0,30.0,0.7560975609756098,0.40211,0.456843,0.534712,0.24731182795698925,0.7592089827383945,0.24079101726160546,0,0,0,20260520_PM,20260520_PM/ng1
c06d584f-16fe-42a0-a5b0-281026bd6ca3,12,6,21.166666666666668,0.16666666666666666,0.3333333333333333,0.16666666666666666,1.0,0.7361111111111112,0.09742043287083434,5.0,-0.23611111111111113,0.1901510121124981,3.8333333333333335,4760.0,168.21526553794047,0.0179586834733893,65.5,26.78556825357018,0.16666666666666666,0.5,0.3333333333333333,0.0,0.6666666666666666,2,ghp,1,1,1,2.0,0.0,61.0,0.0,1.0,0.953125,0.0,0.03125,0.015625,0.0,32.0,65.99625,33.996249999999996,33.996249999999996,66.19,65.45,66.74,64.94,32,65.44,64.25,64.47,0.011460880195599099,1.0623828124999999,0.5311914062499999,-0.026329394808302986,0.53421875,0,0,1.0623828125,0,0,0.5280990936531149,0.00804620448035906,2.655298735834078,1.0,0.02939335344409183,21.0,0.3684210526315789,32.0,0.4315625000000036,0.006570541099358701,-0.23781249999999687,-0.003550515235138813,0.6693750000000005,0.010121056334497515,0.0,0.0,0.0,57.0,12.0,32.0,0.6404494382022472,0.534332,0.873787,1.604314,0.21052631578947367,0.5319444444444444,0.46805555555555556,0,0,0,20260520_PM,20260520_PM/ghp2
7639dc96-fd01-4576-8cdc-79c9d30dcd81,13,6,22.5,0.16666666666666666,0.5,0.8333333333333334,0.5,0.7916666666666666,0.2024159633581853,6.0,-0.19166666666666668,0.0981778431668209,2.0,4760.0,764.6755644847035,0.07951587301587301,,,0.25,0.25,0.3333333333333333,0.16666666666666666,0.16666666666666666,2,ghp,1,1,1,8.0,16.0,4.0,0.0,0.0,0.14285714285714285,0.5714285714285714,0.2857142857142857,0.0,0.0,14.0,13.964285714285714,-10.035714285714286,10.035714285714286,15.0,15.5,20.0,10.0,24,18.13,21.57,13.5,-0.17264202978488685,0.4181547619047619,0.15680803571428573,-0.10536051565782634,-0.140625,0,0,-0.4181547619047619,0,0,4.558450774575973,0.3106572818676533,3.833610986457451,1.0,1.341484801057416,13.0,0.7647058823529411,14.0,4.1923076923076925,0.2812256200086675,0.10714285714285714,-0.043513147893198746,4.153846153846154,0.32473876790186623,4.0,0.2857142857142857,0.2857142857142857,17.0,7.0,14.0,0.5483870967741935,1.9141105,5.613309,2.921484,0.4117647058823529,0.8400000000000001,0.15999999999999992,1,2,0,20260520_PM,20260520_PM/ghp1
aa648e2e-d329-4dd5-8902-af2bb6347519,13,6,21.166666666666668,0.3333333333333333,0.16666666666666666,0.8333333333333334,0.8333333333333334,0.7361111111111112,0.17808133805360676,4.5,-0.28611111111111115,0.3440634093152447,2.8333333333333335,4760.0,2342.618224662311,0.2428410364145658,,,0.08333333333333333,0.5,0.4166666666666667,0.0,0.8333333333333334,2,ng,0,0,0,0.0,0.0,84.0,0.0,0.0,1.0,0.0,0.0,0.0,0.0,42.0,131.44261904761905,107.44261904761905,107.44261904761905,131.36,131.2,131.5,131.2,24,131.2,131.02,130.99,0.0012195121951221743,4.476775793650794,1.6787909226190476,-0.0028206612945611553,1.6775000000000002,0,0,4.476775793650794,0,0,0.24804838024226092,0.0018903049514671618,8.885771512982487,1.0,0.01535741985091541,16.0,0.2711864406779661,42.0,0.22095238095238165,0.0016822794188256645,0.1788095238095209,0.001360920668597008,0.04214285714286077,0.00032135875022865616,30.0,0.7142857142857143,0.7142857142857143,59.0,7.0,42.0,0.5841584158415841,0.7061535,0.898783,0.6810105,0.11864406779661017,0.5812903225806452,0.41870967741935483,0,0,0,20260520_PM,20260520_PM/ng1
c06d584f-16fe-42a0-a5b0-281026bd6ca3,13,6,21.166666666666668,0.16666666666666666,0.3333333333333333,0.16666666666666666,1.0,0.7361111111111112,0.09742043287083434,5.0,-0.23611111111111113,0.1901510121124981,3.8333333333333335,4760.0,280.20239592123454,0.02718977591036415,,,0.16666666666666666,0.5,0.3333333333333333,0.0,0.6666666666666666,2,ghp,1,1,1,2.0,0.0,13.0,0.0,1.0,0.8125,0.0,0.125,0.0625,0.0,8.0,64.45375,40.45375,40.45375,64.47,64.41,64.58,64.33,24,66.19,65.44,64.76,-0.025985798458981746,1.6855729166666666,0.63208984375,0.004488129486905912,0.63234375,0,0,1.6855729166666666,0,0,1.175187087199885,0.018175117981110326,4.1381539393775855,1.0,0.013775331379081756,28.0,0.4827586206896552,8.0,0.3625000000000007,0.0056228490543843955,-0.12250000000000227,-0.0019210747121220536,0.485000000000003,0.007543923766506449,4.0,0.5,0.5,58.0,47.0,8.0,0.8787878787878788,0.656066,2.854144,1.893121,0.8103448275862069,1.0,0.0,0,0,0,20260520_PM,20260520_PM/ghp2
7639dc96-fd01-4576-8cdc-79c9d30dcd81,14,6,22.5,0.16666666666666666,0.5,0.8333333333333334,0.5,0.7916666666666666,0.2024159633581853,6.0,-0.19166666666666668,0.0981778431668209,2.0,4700.0,709.4339270996276,0.07513498817966903,,,0.25,0.25,0.3333333333333333,0.16666666666666666,0.16666666666666666,2,ghp,1,1,1,0.0,14.0,2.0,0.0,0.0,0.125,0.875,0.0,0.0,0.0,8.0,13.5,-2.5,2.625,13.5,16.5,16.5,12.0,16,15.0,18.13,7.0,-0.09999999999999998,0.1640625,0.041015625,-0.6567795363890705,-0.0390625,0,0,-0.15625,0,0,5.07140245914765,0.38785831767157525,5.024917052963038,1.0,0.41226050164898276,9.0,0.375,8.0,3.5,0.28718370404021065,0.0625,0.05319613987603099,2.857142857142857,0.23398756416417962,4.0,0.5,0.5,24.0,4.0,8.0,0.75,1.1914975,3.14934,1.35693,0.16666666666666666,0.6666666666666666,0.33333333333333337,1,2,0,20260520_PM,20260520_PM/ghp1
aa648e2e-d329-4dd5-8902-af2bb6347519,14,6,21.166666666666668,0.3333333333333333,0.16666666666666666,0.8333333333333334,0.8333333333333334,0.7361111111111112,0.17808133805360676,4.5,-0.28611111111111115,0.3440634093152447,2.8333333333333335,4700.000000000001,2468.8602748393832,0.27150378250591006,,,0.08333333333333333,0.5,0.4166666666666667,0.0,0.8333333333333334,2,ng,0,0,0,0.0,0.0,52.0,0.0,0.0,1.0,0.0,0.0,0.0,0.0,26.0,131.055,115.055,115.055,130.99,131.25,131.25,130.99,16,131.36,131.2,120.64,-0.0028166869671133465,7.1909375,1.797734375,-0.08231008014991126,1.7967187500000001,0,0,7.1909375,1,1,0.12546361339684742,0.0009569729283330386,3.160842300014803,1.0,0.009264362207043854,22.0,0.2894736842105263,26.0,0.108799999999992,0.0008298468549155928,0.04346153846152735,0.00046388809833764497,0.048000000000004095,0.0003659587565779479,-8.0,-0.3076923076923077,0.3076923076923077,76.0,28.0,26.0,0.7450980392156863,0.533628,0.985124,1.350481,0.3684210526315789,0.5890196078431372,0.4109803921568628,0,0,1,20260520_PM,20260520_PM/ng1
c06d584f-16fe-42a0-a5b0-281026bd6ca3,14,6,21.166666666666668,0.16666666666666666,0.3333333333333333,0.16666666666666666,1.0,0.7361111111111112,0.09742043287083434,5.0,-0.23611111111111113,0.1901510121124981,3.8333333333333335,4700.0,205.63619088088547,0.02245106382978723,,,0.16666666666666666,0.5,0.3333333333333333,0.0,0.6666666666666666,2,ghp,1,1,1,1.0,0.0,26.0,0.0,1.0,0.9285714285714286,0.0,0.03571428571428571,0.03571428571428571,0.0,14.0,64.64357142857143,48.64357142857143,48.64357142857143,64.76,65.57,65.66,63.76,16,64.47,66.19,64.19,0.004498216224600782,3.040223214285714,0.7600558035714285,-0.00884069348574723,0.7618750000000001,0,0,3.0402232142857146,0,0,0.31478696234916304,0.0048730110909651105,7.246349690051524,1.0,0.01833113638717035,19.0,0.2714285714285714,14.0,0.4023076923076926,0.006222134139300523,0.5149999999999955,0.005389894917168113,0.053076923076927275,0.000832239222132409,0.0,0.0,0.0,70.0,39.0,14.0,0.8333333333333334,0.366877,2.163316,1.7181229999999998,0.5571428571428572,0.6666666666666666,0.33333333333333337,0,0,0,20260520_PM,20260520_PM/ghp2
7639dc96-fd01-4576-8cdc-79c9d30dcd81,15,6,22.5,0.16666666666666666,0.5,0.8333333333333334,0.5,0.7916666666666666,0.2024159633581853,6.0,-0.19166666666666668,0.0981778431668209,2.0,4640.0,665.2079350999956,0.0708742816091954,,,0.25,0.25,0.3333333333333333,0.16666666666666666,0.16666666666666666,2,ghp,1,1,1,13.0,1.0,0.0,0.0,0.0,0.0,0.07142857142857142,0.9285714285714286,0.0,0.0,7.0,7.285714285714286,-0.7142857142857143,1.0,7.0,9.0,9.0,7.0,8,13.5,15.0,,-0.4814814814814815,0.125,0.015625,,-0.015625,0,1,-0.0892857142857143,0,0,6.250792979947226,0.5917485293562752,5.189891259121145,1.0,0.21058007617202135,2.0,0.08333333333333333,7.0,5.142857142857143,0.5225563909774437,4.857142857142857,0.49874686716791977,0.2857142857142857,0.023809523809523808,-7.0,-1.0,1.0,24.0,1.0,7.0,0.7741935483870968,0.902552,1.127859,1.127859,0.041666666666666664,1.0,0.0,1,3,0,20260520_PM,20260520_PM/ghp1
aa648e2e-d329-4dd5-8902-af2bb6347519,15,6,21.166666666666668,0.3333333333333333,0.16666666666666666,0.8333333333333334,0.8333333333333334,0.7361111111111112,0.17808133805360676,4.5,-0.28611111111111115,0.3440634093152447,2.8333333333333335,4640.0,3216.6898924764255,0.3548128591954023,,,0.08333333333333333,0.5,0.4166666666666667,0.0,0.8333333333333334,2,ng,0,0,0,0.0,0.0,70.0,0.0,44.0,0.6140350877192983,0.0,0.0,0.38596491228070173,0.0,57.0,129.80350877192984,121.80350877192983,121.80350877192983,120.64,130.98,130.98,120.0,8,130.99,131.36,,-0.07901366516527986,15.225438596491228,1.9031798245614036,,1.76,0,0,15.22543859649123,1,0,0.5904621538949462,0.004736713946381657,9.982125300806116,0.9558997308481513,0.040213656581874514,21.0,0.3620689655172414,57.0,0.3385714285714216,0.0026371097929852776,-0.5308771929824659,-0.004073184501504047,0.8760714285714322,0.006710294294489326,-45.0,-0.7894736842105263,0.7894736842105263,58.0,7.0,57.0,0.5043478260869565,0.6249279999999999,1.052875,0.5667125,0.1206896551724138,0.923076923076923,0.07692307692307698,0,0,2,20260520_PM,20260520_PM/ng1
c06d584f-16fe-42a0-a5b0-281026bd6ca3,15,6,21.166666666666668,0.16666666666666666,0.3333333333333333,0.16666666666666666,1.0,0.7361111111111112,0.09742043287083434,5.0,-0.23611111111111113,0.1901510121124981,3.8333333333333335,4640.0,410.1528048910551,0.04534279214559387,,,0.16666666666666666,0.5,0.3333333333333333,0.0,0.6666666666666666,2,ghp,1,1,1,2.0,0.0,32.0,0.0,6.0,0.8,0.0,0.05,0.15,0.0,20.0,64.329,56.32899999999999,56.32899999999999,64.19,65.0,65.0,63.94,8,64.76,64.47,,-0.008801729462631358,7.041124999999999,0.8801406249999999,,0.87796875,0,0,7.041124999999999,1,1,0.18724708562734887,0.0029114201654476955,4.415805134544996,1.0,0.009690873860136315,24.0,0.41379310344827586,20.0,0.12894736842104979,0.00200623074993703,-0.05749999999999389,-0.00103253113335049,0.1957894736842015,0.00303876188328752,4.0,0.2,0.2,58.0,29.0,20.0,0.7435897435897436,2.545097,8.237096,1.46361,0.5,0.8088235294117647,0.19117647058823528,0,0,1,20260520_PM,20260520_PM/ghp2
